Workbook

Sheet Final_table
B1: Rock | C1: Crystallization age | D1: Metamorphic age | E1: Hudsonian metamorphism | F1: Inherited age | G1: Area | H1: Reference | I1: Order
B2: U vein | D2: 1774 ±9 (Urn) | G2: Hook Lake | H2: Mercadier et al., 2013 | I2: {=VALUE(_xlfn.XLOOKUP(TRUE, ISNUMBER(SEARCH('Order table'!$B$3:$B$11,Final_table!B34)), 'Order table'!$C$3:$C$11))} -> 8 | J2: 1
B3: U vein | C3: 1805 ±11 (Urn) | G3: Hook Lake | H3: Mercadier et al., 2013 | I3: {=VALUE(_xlfn.XLOOKUP(TRUE, ISNUMBER(SEARCH('Order table'!$B$3:$B$11,Final_table!B35)), 'Order table'!$C$3:$C$11))} -> 8 | J3: 1
B4: Pegmatite | D4: 1766 ±1 (Mnz) | G4: Dawn Lake | H4: Annesley et al. 1997 | I4: {=VALUE(_xlfn.XLOOKUP(TRUE, ISNUMBER(SEARCH('Order table'!$B$3:$B$11,Final_table!B2)), 'Order table'!$C$3:$C$11))} -> 1 | J4: 2
B5: Pegmatite | D5: 1788 ±4 (Ttn) | G5: Karpinka Lake | H5: Annesley et al. 1997 | I5: {=VALUE(_xlfn.XLOOKUP(TRUE, ISNUMBER(SEARCH('Order table'!$B$3:$B$11,Final_table!B18)), 'Order table'!$C$3:$C$11))} -> 3 | J5: 2
B6: Metasomatized Pegmatite | D6: 1808 ±4 (Zrn) | G6: East of Black Island | H6: Annesley and Madore, 1997 | I6: {=VALUE(_xlfn.XLOOKUP(TRUE, ISNUMBER(SEARCH('Order table'!$B$3:$B$11,Final_table!B24)), 'Order table'!$C$3:$C$11))} -> 5 | J6: 2
B7: Pegmatite | C7: 1819 ±6 (Zrn) | G7: Greenway Island | H7: Annesley and Madore, 1997 | I7: {=VALUE(_xlfn.XLOOKUP(TRUE, ISNUMBER(SEARCH('Order table'!$B$3:$B$11,Final_table!B23)), 'Order table'!$C$3:$C$11))} -> 5 | J7: 2
B8: Pegmatite | C8: 1811 ±1 (Zrn) | D8: 1805 ±5 (Mnz) | G8: Yalowega Lake | H8: Annesley et al. 1999 | I8: {=VALUE(_xlfn.XLOOKUP(TRUE, ISNUMBER(SEARCH('Order table'!$B$3:$B$11,Final_table!B28)), 'Order table'!$C$3:$C$11))} -> 5 | J8: 2
B9: Granitic pegmatite | C9: 1816 ±7 (Zrn) | D9: 1792.4 ±1.2 (Mnz) | G9: Millenium Deposit | H9: Annesley et al. 2007 | I9: {=VALUE(_xlfn.XLOOKUP(TRUE, ISNUMBER(SEARCH('Order table'!$B$3:$B$11,Final_table!B32)), 'Order table'!$C$3:$C$11))} -> 6 | J9: 2
B10: Pegmatite | C10: 1822 ±5 (Zrn) | D10: 1182 ±7 (Zrn) | G10: Close Lake | H10: Madore et al. 1999 | I10: {=VALUE(_xlfn.XLOOKUP(TRUE, ISNUMBER(SEARCH('Order table'!$B$3:$B$11,Final_table!B30)), 'Order table'!$C$3:$C$11))} -> 6 | J10: 2
B11: Pegmatite | C11: 1819 ±6 (Zrn) | D11: 1224 ±6 (Zrn) | G11: Epp Lake | H11: Madore et al. 1999 | I11: {=VALUE(_xlfn.XLOOKUP(TRUE, ISNUMBER(SEARCH('Order table'!$B$3:$B$11,Final_table!B33)), 'Order table'!$C$3:$C$11))} -> 7 | J11: 2
B12: Granitic pegmatite | C12: 1.8-1.85 Ga (Urn) | G12: Fraser Lake Zone B -Group A | H12: McKechnie et al., 2012 | I12: {=VALUE(_xlfn.XLOOKUP(TRUE, ISNUMBER(SEARCH('Order table'!$B$3:$B$11,Final_table!B50)), 'Order table'!$C$3:$C$11))} -> 8 | J12: 2
B13: Granitic pegmatite | F13: 2.05-2.25 Ga (Mnz) | G13: Fraser Lake Zone B -Group B | H13: McKechnie et al., 2013 | I13: {=VALUE(_xlfn.XLOOKUP(TRUE, ISNUMBER(SEARCH('Order table'!$B$3:$B$11,Final_table!B49)), 'Order table'!$C$3:$C$11))} -> 8 | J13: 2
B14: Pegmatite | C14: 1830 ±5 (Mnz) | G14: Kulyk | H14: McFarlane and McKeough, 2013 | I14: {=VALUE(_xlfn.XLOOKUP(TRUE, ISNUMBER(SEARCH('Order table'!$B$3:$B$11,Final_table!B41)), 'Order table'!$C$3:$C$11))} -> 8 | J14: 2
B15: Granitic pegmatite | C15: 1814.6 ±1.4 (Mnz) | G15: McArthur River | H15: Annesley et al. 2007 | I15: {=VALUE(_xlfn.XLOOKUP(TRUE, ISNUMBER(SEARCH('Order table'!$B$3:$B$11,Final_table!B36)), 'Order table'!$C$3:$C$11))} -> 8 | J15: 2
B16: Pegmatite | C16: 1812 ±2 (Mnz) | G16: P-Patch | H16: Annesley et al. 1999b | I16: {=VALUE(_xlfn.XLOOKUP(TRUE, ISNUMBER(SEARCH('Order table'!$B$3:$B$11,Final_table!B43)), 'Order table'!$C$3:$C$11))} -> 8 | J16: 2
B17: Pegmatite | C17: 1810 ±3 (Mnz) | G17: McClean Lake | H17: Annesley and Madore, 1997 | I17: {=VALUE(_xlfn.XLOOKUP(TRUE, ISNUMBER(SEARCH('Order table'!$B$3:$B$11,Final_table!B46)), 'Order table'!$C$3:$C$11))} -> 8 | J17: 2
B18: Calc-silicate vein | D18: 1789 ±4 (Ttn) | G18: Karpinka Lake | H18: Annesley et al. 1992 | I18: {=VALUE(_xlfn.XLOOKUP(TRUE, ISNUMBER(SEARCH('Order table'!$B$3:$B$11,Final_table!B3)), 'Order table'!$C$3:$C$11))} -> 1 | J18: 3
B19: Calc-silicate Gneiss | D19: 1796 ±4 (Ttn) | G19: Karpinka Lake | H19: Annesley et al. 1997 | I19: {=VALUE(_xlfn.XLOOKUP(TRUE, ISNUMBER(SEARCH('Order table'!$B$3:$B$11,Final_table!B14)), 'Order table'!$C$3:$C$11))} -> 2 | J19: 3
B20: Calc-silicate Gneiss | D20: 1783 ±4 (Ttn) | G20: Karpinka Lake | H20: Annesley et al. 1997 | I20: {=VALUE(_xlfn.XLOOKUP(TRUE, ISNUMBER(SEARCH('Order table'!$B$3:$B$11,Final_table!B4)), 'Order table'!$C$3:$C$11))} -> 2 | J20: 3
B21: Foliated leucotonalite (Trondhjemite) | D21: 1752 ±2 (Ttn) | G21: McClean Lake-Collins Creek | H21: Annesley et al. 1996 | I21: {=VALUE(_xlfn.XLOOKUP(TRUE, ISNUMBER(SEARCH('Order table'!$B$3:$B$11,Final_table!B48)), 'Order table'!$C$3:$C$11))} -> 8 | J21: 4
B22: Grey Granite (sheared) | D22: 1719 ±1 (Zrn) | G22: Hidden Bay | I22: {=VALUE(_xlfn.XLOOKUP(TRUE, ISNUMBER(SEARCH('Order table'!$B$3:$B$11,Final_table!B12)), 'Order table'!$C$3:$C$11))} -> 2 | J22: 5
B23: Porphyritic Granite | C23: 1815 ±2 (Zrn) | D23: 1788 ±2 (Ttn) | G23: Hidden Bay | H23: Annesley et al. 1992 | I23: {=VALUE(_xlfn.XLOOKUP(TRUE, ISNUMBER(SEARCH('Order table'!$B$3:$B$11,Final_table!B7)), 'Order table'!$C$3:$C$11))} -> 2 | J23: 5
B24: Foliated Granite | C24: 2726 ±3 (Zrn) | G24: Fife Island | H24: Annesley et al. 1997 | I24: {=VALUE(_xlfn.XLOOKUP(TRUE, ISNUMBER(SEARCH('Order table'!$B$3:$B$11,Final_table!B21)), 'Order table'!$C$3:$C$11))} -> 4 | J24: 5
B25: Foliated Grey Granite | C25: 1840 ±11 (Zrn) | D25: 1790 ±1 (Mnz) | G25: Greenway Island | H25: Annesley et al. 1997 | I25: {=VALUE(_xlfn.XLOOKUP(TRUE, ISNUMBER(SEARCH('Order table'!$B$3:$B$11,Final_table!B22)), 'Order table'!$C$3:$C$11))} -> 5 | J25: 5
B26: Porphyritic Granite | C26: 1812 ±3 (Zrn) | G26: Harrison Peninsula | H26: Annesley et al. 1995 | I26: {=VALUE(_xlfn.XLOOKUP(TRUE, ISNUMBER(SEARCH('Order table'!$B$3:$B$11,Final_table!B25)), 'Order table'!$C$3:$C$11))} -> 5 | J26: 5
B27: Foliated Granite | C27: 2593 ±5 (Zrn) | D27: 1819 ±2 (Mnz) | G27: Moore - Tomblin | H27: Annesley et al. 1999 | I27: {=VALUE(_xlfn.XLOOKUP(TRUE, ISNUMBER(SEARCH('Order table'!$B$3:$B$11,Final_table!B38)), 'Order table'!$C$3:$C$11))} -> 8 | J27: 5
B28: Foliated Granite | C28: 1818 ±1 (Zrn) | D28: 1783 ±2 (Mnz) | G28: Wheeler River | H28: Annesley et al. 1999 | I28: {=VALUE(_xlfn.XLOOKUP(TRUE, ISNUMBER(SEARCH('Order table'!$B$3:$B$11,Final_table!B52)), 'Order table'!$C$3:$C$11))} -> 8 | J28: 5
B29: Porphyritic granite | C29: 1824 ±3 (Zrn) | G29: Wheeler River | H29: Annesley et al. 1999 | I29: {=VALUE(_xlfn.XLOOKUP(TRUE, ISNUMBER(SEARCH('Order table'!$B$3:$B$11,Final_table!B53)), 'Order table'!$C$3:$C$11))} -> 8 | J29: 5
B30: Meta-gabbro | C30: 1820 ±5 (Zrn) | G30: Hidden Bay | H30: Annesley et al. 1992 | I30: {=VALUE(_xlfn.XLOOKUP(TRUE, ISNUMBER(SEARCH('Order table'!$B$3:$B$11,Final_table!B13)), 'Order table'!$C$3:$C$11))} -> 2 | J30: 6
B31: Monzogabbro | C31: 1828 ±3 (Ttn) | G31: Karpinka Lake | H31: Annesley et al. 1993 | I31: {=VALUE(_xlfn.XLOOKUP(TRUE, ISNUMBER(SEARCH('Order table'!$B$3:$B$11,Final_table!B5)), 'Order table'!$C$3:$C$11))} -> 2 | J31: 6
B32: Monzogabbro | C32: 1828 ±3 (Zrn) | D32: 1795 ±3 (Ttn) | G32: Sandy Islands | H32: Annesley et al. 1995 | I32: {=VALUE(_xlfn.XLOOKUP(TRUE, ISNUMBER(SEARCH('Order table'!$B$3:$B$11,Final_table!B20)), 'Order table'!$C$3:$C$11))} -> 3 | J32: 6
B33: Foliated meta-tonalite | C33: 2612 ±22 (Zrn) | D33: 1803 ±1 (Mnz) | G33: Russel Lake | H33: Annesley et al. 2007 | I33: {=VALUE(_xlfn.XLOOKUP(TRUE, ISNUMBER(SEARCH('Order table'!$B$3:$B$11,Final_table!B39)), 'Order table'!$C$3:$C$11))} -> 8 | J33: 7
B34: Quartz Dioritic Gneiss | C34: 2638 ±65 (Zrn) | D34: 1779 ±2 (Ttn) | G34: Ashley Peninsula | H34: Annesley et al. 1992 | I34: {=VALUE(_xlfn.XLOOKUP(TRUE, ISNUMBER(SEARCH('Order table'!$B$3:$B$11,Final_table!B11)), 'Order table'!$C$3:$C$11))} -> 2 | J34: 8
B35: Tonalitic Gneiss | C35: 2689 ±19 (Zrn) | D35: 1778 ±2 (Ttn) | G35: Ashley Peninsula | H35: Annesley et al. 1991 | I35: {=VALUE(_xlfn.XLOOKUP(TRUE, ISNUMBER(SEARCH('Order table'!$B$3:$B$11,Final_table!B10)), 'Order table'!$C$3:$C$11))} -> 2 | J35: 8
B36: Pelitic Gneiss | D36: 1812 ±2 (Mnz) | G36: Hidden Bay | H36: Annesley et al. 1992 | I36: {=VALUE(_xlfn.XLOOKUP(TRUE, ISNUMBER(SEARCH('Order table'!$B$3:$B$11,Final_table!B8)), 'Order table'!$C$3:$C$11))} -> 2 | J36: 8
B37: Mylonitic Tonalitic Gneiss | C37: 2733 ±9 (Zrn) | G37: Karpinka Lake | H37: Annesley et al. 1992 | I37: {=VALUE(_xlfn.XLOOKUP(TRUE, ISNUMBER(SEARCH('Order table'!$B$3:$B$11,Final_table!B6)), 'Order table'!$C$3:$C$11))} -> 2 | J37: 8
B38: Granodioritic Gneiss | D38: 1792 ±4 (Ttn) | G38: Karpinka Lake | H38: Annesley et al. 1997 | I38: {=VALUE(_xlfn.XLOOKUP(TRUE, ISNUMBER(SEARCH('Order table'!$B$3:$B$11,Final_table!B15)), 'Order table'!$C$3:$C$11))} -> 2 | J38: 8
B39: Metasomatized Orthogneiss | D39: 1803 ±4 (Ttn) | G39: Karpinka Lake | H39: Annesley et al. 1997 | I39: {=VALUE(_xlfn.XLOOKUP(TRUE, ISNUMBER(SEARCH('Order table'!$B$3:$B$11,Final_table!B17)), 'Order table'!$C$3:$C$11))} -> 2 | J39: 8
B40: Silicified granitic Gneiss | C40: 2594 ±10 (Zrn) | D40: 1806 ±2 (Mnz) | G40: Karpinka Lake | H40: Annesley et al. 1997 | I40: {=VALUE(_xlfn.XLOOKUP(TRUE, ISNUMBER(SEARCH('Order table'!$B$3:$B$11,Final_table!B16)), 'Order table'!$C$3:$C$11))} -> 2 | J40: 8
B41: Granodioritic Gneiss | C41: 2620 ±10 (Zrn) | D41: 1798 ±14 (Zrn) | G41: SE Rabbit Lake | H41: Annesley et al. 1992 | I41: {=VALUE(_xlfn.XLOOKUP(TRUE, ISNUMBER(SEARCH('Order table'!$B$3:$B$11,Final_table!B9)), 'Order table'!$C$3:$C$11))} -> 2 | J41: 8
B42: Retrogessed Tonalitic Gneiss | D42: 1806 ±3 (Ttn) | G42: Karpinka Lake | H42: Annesley et al. 1997 | I42: {=VALUE(_xlfn.XLOOKUP(TRUE, ISNUMBER(SEARCH('Order table'!$B$3:$B$11,Final_table!B19)), 'Order table'!$C$3:$C$11))} -> 3 | J42: 8
B43: Tonalitic Gneiss | C43: 2714 ±12 (Zrn) | D43: 1805.5 ±1.4 (Mnz) | G43: Close Lake | H43: Annesley et al. 2003 | I43: {=VALUE(_xlfn.XLOOKUP(TRUE, ISNUMBER(SEARCH('Order table'!$B$3:$B$11,Final_table!B29)), 'Order table'!$C$3:$C$11))} -> 5 | J43: 8
B44: Granitic Gneiss | C44: 2626 ±15 (Zrn) | E44: 1837 ±34 (Zrn) | G44: East of Black Island | H44: Annesley et al. 1997 | I44: {=VALUE(_xlfn.XLOOKUP(TRUE, ISNUMBER(SEARCH('Order table'!$B$3:$B$11,Final_table!B26)), 'Order table'!$C$3:$C$11))} -> 5 | J44: 8
B45: Grey Tonalitic Gneiss | C45: 1818 ±1 (Zrn) | D45: 1801 ±1 (Mnz) | G45: Yalowega Lake | H45: Annesley et al. 1998 | I45: {=VALUE(_xlfn.XLOOKUP(TRUE, ISNUMBER(SEARCH('Order table'!$B$3:$B$11,Final_table!B27)), 'Order table'!$C$3:$C$11))} -> 5 | J45: 8
B46: Archean granitic gneiss | C46: 2731 ±25 (Zrn) | D46: 1791.3 ±8 (Mnz) | G46: Millenium Deposit | H46: Annesley et al. 2007 | I46: {=VALUE(_xlfn.XLOOKUP(TRUE, ISNUMBER(SEARCH('Order table'!$B$3:$B$11,Final_table!B31)), 'Order table'!$C$3:$C$11))} -> 6 | J46: 8
B47: Migmatitic Tonalitic Gneiss | D47: 1814 ±5 (Zrn) | G47: Jeb | H47: Annesley et al. 1997 | I47: {=VALUE(_xlfn.XLOOKUP(TRUE, ISNUMBER(SEARCH('Order table'!$B$3:$B$11,Final_table!B45)), 'Order table'!$C$3:$C$11))} -> 8 | J47: 8
B48: Granitic Gneiss | C48: 2592 ±7 (Zrn) | G48: McArthur River | H48: Annesley et al. 1998 | I48: {=VALUE(_xlfn.XLOOKUP(TRUE, ISNUMBER(SEARCH('Order table'!$B$3:$B$11,Final_table!B37)), 'Order table'!$C$3:$C$11))} -> 8 | J48: 8
B49: Grey Orthogneiss | C49: 2786 ±7 (Zrn) | D49: 1813 ±6 (Zrn) | G49: P-Patch | H49: Annesley et al. 1999b | I49: {=VALUE(_xlfn.XLOOKUP(TRUE, ISNUMBER(SEARCH('Order table'!$B$3:$B$11,Final_table!B42)), 'Order table'!$C$3:$C$11))} -> 8 | J49: 8
B50: Granitic gneiss | C50: 2583 ±14 (Zrn) | D50: 1821.9 ±2 (Mnz) | G50: Russel Lake | H50: Annesley et al. 2007 | I50: {=VALUE(_xlfn.XLOOKUP(TRUE, ISNUMBER(SEARCH('Order table'!$B$3:$B$11,Final_table!B40)), 'Order table'!$C$3:$C$11))} -> 8 | J50: 8
B51: Tonalitic Gneiss | C51: 2717 ±12 (Zrn) | D51: 1802 ±2 (Mnz) | G51: Collins Bay | H51: Annesley et al. 1997 | I51: {=VALUE(_xlfn.XLOOKUP(TRUE, ISNUMBER(SEARCH('Order table'!$B$3:$B$11,Final_table!B44)), 'Order table'!$C$3:$C$11))} -> 8 | J51: 8
B52: Tonalitic Gneiss | C52: 2706 ±5 (Zrn) | D52: 1804 ±8 (Mnz) | G52: Collins Bay | H52: Annesley et al. 1996 | I52: {=VALUE(_xlfn.XLOOKUP(TRUE, ISNUMBER(SEARCH('Order table'!$B$3:$B$11,Final_table!B47)), 'Order table'!$C$3:$C$11))} -> 8 | J52: 8
B53: Migmatitic Pelitic Gneiss | D53: 1800 ±2 (Mnz) | G53: Wheeler River | H53: Annesley et al. 1999 | I53: {=VALUE(_xlfn.XLOOKUP(TRUE, ISNUMBER(SEARCH('Order table'!$B$3:$B$11,Final_table!B51)), 'Order table'!$C$3:$C$11))} -> 8 | J53: 8
B54: Leucogranite | C54: 1816 ±1 (Mnz) | G54: McArthur River | H54: Annesley et al. 2007

Sheet others
A1: Lithology | B1: Crystallization age | C1: Metamorphic age | D1: Area | E1: Reference
A2: Psammo pelitic gneiss | B2: 1880 Urn | C2: 1730-1770 Urn | D2: Karpinka Lake | E2: Williams-Jonnes & Sawiuk 1985
A3: Pelitic anatectites (Pegmatites) | B3: 1966 - 1858 | D3: Karin Lake | E3: Parslow et al. 1985
A4: Tonalite gneiss | B4: 2780 Zrn | C4: 1800 Zrn | D4: Black Birch Lake | E4: Orell et al. 1999
A5: Augen Gneiss | B5: 2660-2628 Zrn | D5: Black Birch Lake
A6: Quartzite–metapelite* | B6: 2134 - 2580 Zrn* | C6: 1880-1769 Mnz | D6: Black Birch Lake
A7: Qtz–Feldspar gneiss | B7: 2614-1977 Zrn | C7: 1804 Mnz | D7: Black Birch Lake
A8: Mafic gneiss | B8: 1802 ± 6 Zrn | C8: 1809 Zrn | D8: Black Birch Lake
A9: Peraluminos granite dike | B9: 1807 | C9: 1787 | D9: Black Birch Lake | E9: Orell et al. 1999
A10: Granite pegmatitic dike | B10: 1805 ± 1 | D10: Black Birch Lake | E10: Orell et al. 1999
A11: Leucogranite | B11: 1804 Mnz | C11: 1703 | D11: Black Birch Lake | E11: Orell et al. 1999

Sheet Order table
B2: Rock | C2: #
B3: U vein | C3: 1
B4: Pegmatite | C4: 2
B5: Calc-silicate | C5: 3
B6: Foliated leucotonalite (Trondhjemite) | C6: 4
B7: Granite | C7: 5
B8: Monzogabbro | C8: 6
B9: Foliated meta-tonalite | C9: 7
B10: Gneis | C10: 8
B11: Meta-gabbro | C11: =+C8 -> 6

Sheet Xlookup_table
B1: Sample ID | C1: Rock | D1: Crystallization age | E1: Metamorphic age | F1: Hudsonian metamorphism | G1: Inherited age | H1: Area | I1: Reference
B2: A230 | C2: =_xlfn.XLOOKUP(B2,No_duplicates!$A$2:$A$110,No_duplicates!$B$2:$B$110,"") -> Pegmatite | D2: {=_xlfn.XLOOKUP(1,('Working table'!$B$2:$B$100=Xlookup_table!$B2)*('Working table'!$M$2:$M$100=Xlookup_table!D$1),'Working table'!$L$2:$L$100,"")} | E2: {=_xlfn.XLOOKUP(1,('Working table'!$B$2:$B$100=Xlookup_table!$B2)*('Working table'!$M$2:$M$100=Xlookup_table!E$1),'Working table'!$L$2:$L$100,"")} -> 1766 ±1 (Xtm) | F2: {=_xlfn.XLOOKUP(1,('Working table'!$B$2:$B$98=Xlookup_table!$B2)*('Working table'!$M$2:$M$98=Xlookup_table!F$1),'Working table'!$L$2:$L$98,"")} | G2: {=_xlfn.XLOOKUP(1,('Working table'!$B$2:$B$98=Xlookup_table!$B2)*('Working table'!$M$2:$M$98=Xlookup_table!G$1),'Working table'!$L$2:$L$98,"")} | H2: =_xlfn.XLOOKUP(B2,No_duplicates!$A$2:$A$110,No_duplicates!$C$2:$C$110,"") -> Dawn Lake | I2: =IF(_xlfn.XLOOKUP(B2,No_duplicates!$A$2:$A$110,No_duplicates!$D$2:$D$110,"")=0,"",_xlfn.XLOOKUP(B2,No_duplicates!$A$2:$A$110,No_duplicates!$D$2:$D$110)) -> Annesley et al. 1997
B3: A88-036 | C3: =_xlfn.XLOOKUP(B3,No_duplicates!$A$2:$A$110,No_duplicates!$B$2:$B$110,"") -> Calc-silicate vein | D3: {=_xlfn.XLOOKUP(1,('Working table'!$B$2:$B$100=Xlookup_table!$B3)*('Working table'!$M$2:$M$100=Xlookup_table!D$1),'Working table'!$L$2:$L$100,"")} | E3: {=_xlfn.XLOOKUP(1,('Working table'!$B$2:$B$100=Xlookup_table!$B3)*('Working table'!$M$2:$M$100=Xlookup_table!E$1),'Working table'!$L$2:$L$100,"")} -> 1789 ±4 (Ttn) | F3: {=_xlfn.XLOOKUP(1,('Working table'!$B$2:$B$98=Xlookup_table!$B3)*('Working table'!$M$2:$M$98=Xlookup_table!F$1),'Working table'!$L$2:$L$98,"")} | G3: {=_xlfn.XLOOKUP(1,('Working table'!$B$2:$B$98=Xlookup_table!$B3)*('Working table'!$M$2:$M$98=Xlookup_table!G$1),'Working table'!$L$2:$L$98,"")} | H3: =_xlfn.XLOOKUP(B3,No_duplicates!$A$2:$A$110,No_duplicates!$C$2:$C$110,"") -> Karpinka Lake | I3: =IF(_xlfn.XLOOKUP(B3,No_duplicates!$A$2:$A$110,No_duplicates!$D$2:$D$110,"")=0,"",_xlfn.XLOOKUP(B3,No_duplicates!$A$2:$A$110,No_duplicates!$D$2:$D$110)) -> Annesley et al. 1992
B4: A88-042 | C4: =_xlfn.XLOOKUP(B4,No_duplicates!$A$2:$A$110,No_duplicates!$B$2:$B$110,"") -> Calc-silicate Gneiss | D4: {=_xlfn.XLOOKUP(1,('Working table'!$B$2:$B$100=Xlookup_table!$B4)*('Working table'!$M$2:$M$100=Xlookup_table!D$1),'Working table'!$L$2:$L$100,"")} | E4: {=_xlfn.XLOOKUP(1,('Working table'!$B$2:$B$100=Xlookup_table!$B4)*('Working table'!$M$2:$M$100=Xlookup_table!E$1),'Working table'!$L$2:$L$100,"")} -> 1783 ±4 (Ttn) | F4: {=_xlfn.XLOOKUP(1,('Working table'!$B$2:$B$98=Xlookup_table!$B4)*('Working table'!$M$2:$M$98=Xlookup_table!F$1),'Working table'!$L$2:$L$98,"")} | G4: {=_xlfn.XLOOKUP(1,('Working table'!$B$2:$B$98=Xlookup_table!$B4)*('Working table'!$M$2:$M$98=Xlookup_table!G$1),'Working table'!$L$2:$L$98,"")} | H4: =_xlfn.XLOOKUP(B4,No_duplicates!$A$2:$A$110,No_duplicates!$C$2:$C$110,"") -> Karpinka Lake | I4: =IF(_xlfn.XLOOKUP(B4,No_duplicates!$A$2:$A$110,No_duplicates!$D$2:$D$110,"")=0,"",_xlfn.XLOOKUP(B4,No_duplicates!$A$2:$A$110,No_duplicates!$D$2:$D$110)) -> Annesley et al. 1997
B5: A88-043 | C5: =_xlfn.XLOOKUP(B5,No_duplicates!$A$2:$A$110,No_duplicates!$B$2:$B$110,"") -> Monzogabbro | D5: {=_xlfn.XLOOKUP(1,('Working table'!$B$2:$B$100=Xlookup_table!$B5)*('Working table'!$M$2:$M$100=Xlookup_table!D$1),'Working table'!$L$2:$L$100,"")} -> 1828 ±3 (Ttn) | E5: {=_xlfn.XLOOKUP(1,('Working table'!$B$2:$B$100=Xlookup_table!$B5)*('Working table'!$M$2:$M$100=Xlookup_table!E$1),'Working table'!$L$2:$L$100,"")} | F5: {=_xlfn.XLOOKUP(1,('Working table'!$B$2:$B$98=Xlookup_table!$B5)*('Working table'!$M$2:$M$98=Xlookup_table!F$1),'Working table'!$L$2:$L$98,"")} | G5: {=_xlfn.XLOOKUP(1,('Working table'!$B$2:$B$98=Xlookup_table!$B5)*('Working table'!$M$2:$M$98=Xlookup_table!G$1),'Working table'!$L$2:$L$98,"")} | H5: =_xlfn.XLOOKUP(B5,No_duplicates!$A$2:$A$110,No_duplicates!$C$2:$C$110,"") -> Karpinka Lake | I5: =IF(_xlfn.XLOOKUP(B5,No_duplicates!$A$2:$A$110,No_duplicates!$D$2:$D$110,"")=0,"",_xlfn.XLOOKUP(B5,No_duplicates!$A$2:$A$110,No_duplicates!$D$2:$D$110)) -> Annesley et al. 1993
B6: A88-052 | C6: =_xlfn.XLOOKUP(B6,No_duplicates!$A$2:$A$110,No_duplicates!$B$2:$B$110,"") -> Mylonitic Tonalitic Gneiss | D6: {=_xlfn.XLOOKUP(1,('Working table'!$B$2:$B$100=Xlookup_table!$B6)*('Working table'!$M$2:$M$100=Xlookup_table!D$1),'Working table'!$L$2:$L$100,"")} -> 2733 ±9 (Xtm) | E6: {=_xlfn.XLOOKUP(1,('Working table'!$B$2:$B$100=Xlookup_table!$B6)*('Working table'!$M$2:$M$100=Xlookup_table!E$1),'Working table'!$L$2:$L$100,"")} | F6: {=_xlfn.XLOOKUP(1,('Working table'!$B$2:$B$98=Xlookup_table!$B6)*('Working table'!$M$2:$M$98=Xlookup_table!F$1),'Working table'!$L$2:$L$98,"")} | G6: {=_xlfn.XLOOKUP(1,('Working table'!$B$2:$B$98=Xlookup_table!$B6)*('Working table'!$M$2:$M$98=Xlookup_table!G$1),'Working table'!$L$2:$L$98,"")} | H6: =_xlfn.XLOOKUP(B6,No_duplicates!$A$2:$A$110,No_duplicates!$C$2:$C$110,"") -> Karpinka Lake | I6: =IF(_xlfn.XLOOKUP(B6,No_duplicates!$A$2:$A$110,No_duplicates!$D$2:$D$110,"")=0,"",_xlfn.XLOOKUP(B6,No_duplicates!$A$2:$A$110,No_duplicates!$D$2:$D$110)) -> Annesley et al. 1992
B7: A89-100 | C7: =_xlfn.XLOOKUP(B7,No_duplicates!$A$2:$A$110,No_duplicates!$B$2:$B$110,"") -> Porphyritic Granite | D7: {=_xlfn.XLOOKUP(1,('Working table'!$B$2:$B$100=Xlookup_table!$B7)*('Working table'!$M$2:$M$100=Xlookup_table!D$1),'Working table'!$L$2:$L$100,"")} -> 1815 ±2 (Xtm) | E7: {=_xlfn.XLOOKUP(1,('Working table'!$B$2:$B$100=Xlookup_table!$B7)*('Working table'!$M$2:$M$100=Xlookup_table!E$1),'Working table'!$L$2:$L$100,"")} -> 1788 ±2 (Xtm) | F7: {=_xlfn.XLOOKUP(1,('Working table'!$B$2:$B$98=Xlookup_table!$B7)*('Working table'!$M$2:$M$98=Xlookup_table!F$1),'Working table'!$L$2:$L$98,"")} | G7: {=_xlfn.XLOOKUP(1,('Working table'!$B$2:$B$98=Xlookup_table!$B7)*('Working table'!$M$2:$M$98=Xlookup_table!G$1),'Working table'!$L$2:$L$98,"")} | H7: =_xlfn.XLOOKUP(B7,No_duplicates!$A$2:$A$110,No_duplicates!$C$2:$C$110,"") -> Hidden Bay | I7: =IF(_xlfn.XLOOKUP(B7,No_duplicates!$A$2:$A$110,No_duplicates!$D$2:$D$110,"")=0,"",_xlfn.XLOOKUP(B7,No_duplicates!$A$2:$A$110,No_duplicates!$D$2:$D$110)) -> Annesley et al. 1992
B8: A89-108 | C8: =_xlfn.XLOOKUP(B8,No_duplicates!$A$2:$A$110,No_duplicates!$B$2:$B$110,"") -> Pelitic Gneiss | D8: {=_xlfn.XLOOKUP(1,('Working table'!$B$2:$B$100=Xlookup_table!$B8)*('Working table'!$M$2:$M$100=Xlookup_table!D$1),'Working table'!$L$2:$L$100,"")} | E8: {=_xlfn.XLOOKUP(1,('Working table'!$B$2:$B$100=Xlookup_table!$B8)*('Working table'!$M$2:$M$100=Xlookup_table!E$1),'Working table'!$L$2:$L$100,"")} -> 1812 ±2 (Xtm) | F8: {=_xlfn.XLOOKUP(1,('Working table'!$B$2:$B$98=Xlookup_table!$B8)*('Working table'!$M$2:$M$98=Xlookup_table!F$1),'Working table'!$L$2:$L$98,"")} | G8: {=_xlfn.XLOOKUP(1,('Working table'!$B$2:$B$98=Xlookup_table!$B8)*('Working table'!$M$2:$M$98=Xlookup_table!G$1),'Working table'!$L$2:$L$98,"")} | H8: =_xlfn.XLOOKUP(B8,No_duplicates!$A$2:$A$110,No_duplicates!$C$2:$C$110,"") -> Hidden Bay | I8: =IF(_xlfn.XLOOKUP(B8,No_duplicates!$A$2:$A$110,No_duplicates!$D$2:$D$110,"")=0,"",_xlfn.XLOOKUP(B8,No_duplicates!$A$2:$A$110,No_duplicates!$D$2:$D$110)) -> Annesley et al. 1992
B9: A89-116 | C9: =_xlfn.XLOOKUP(B9,No_duplicates!$A$2:$A$110,No_duplicates!$B$2:$B$110,"") -> Granodioritic Gneiss | D9: {=_xlfn.XLOOKUP(1,('Working table'!$B$2:$B$100=Xlookup_table!$B9)*('Working table'!$M$2:$M$100=Xlookup_table!D$1),'Working table'!$L$2:$L$100,"")} -> 2620 ±10 (Xtm) | E9: {=_xlfn.XLOOKUP(1,('Working table'!$B$2:$B$100=Xlookup_table!$B9)*('Working table'!$M$2:$M$100=Xlookup_table!E$1),'Working table'!$L$2:$L$100,"")} -> 1798 ±14 (Xtm) | F9: {=_xlfn.XLOOKUP(1,('Working table'!$B$2:$B$98=Xlookup_table!$B9)*('Working table'!$M$2:$M$98=Xlookup_table!F$1),'Working table'!$L$2:$L$98,"")} | G9: {=_xlfn.XLOOKUP(1,('Working table'!$B$2:$B$98=Xlookup_table!$B9)*('Working table'!$M$2:$M$98=Xlookup_table!G$1),'Working table'!$L$2:$L$98,"")} | H9: =_xlfn.XLOOKUP(B9,No_duplicates!$A$2:$A$110,No_duplicates!$C$2:$C$110,"") -> SE Rabbit Lake | I9: =IF(_xlfn.XLOOKUP(B9,No_duplicates!$A$2:$A$110,No_duplicates!$D$2:$D$110,"")=0,"",_xlfn.XLOOKUP(B9,No_duplicates!$A$2:$A$110,No_duplicates!$D$2:$D$110)) -> Annesley et al. 1992
B10: A90-005b | C10: =_xlfn.XLOOKUP(B10,No_duplicates!$A$2:$A$110,No_duplicates!$B$2:$B$110,"") -> Tonalitic Gneiss | D10: {=_xlfn.XLOOKUP(1,('Working table'!$B$2:$B$100=Xlookup_table!$B10)*('Working table'!$M$2:$M$100=Xlookup_table!D$1),'Working table'!$L$2:$L$100,"")} -> 2689 ±19 (Xtm) | E10: {=_xlfn.XLOOKUP(1,('Working table'!$B$2:$B$100=Xlookup_table!$B10)*('Working table'!$M$2:$M$100=Xlookup_table!E$1),'Working table'!$L$2:$L$100,"")} -> 1778 ±2 (Xtm) | F10: {=_xlfn.XLOOKUP(1,('Working table'!$B$2:$B$98=Xlookup_table!$B10)*('Working table'!$M$2:$M$98=Xlookup_table!F$1),'Working table'!$L$2:$L$98,"")} | G10: {=_xlfn.XLOOKUP(1,('Working table'!$B$2:$B$98=Xlookup_table!$B10)*('Working table'!$M$2:$M$98=Xlookup_table!G$1),'Working table'!$L$2:$L$98,"")} | H10: =_xlfn.XLOOKUP(B10,No_duplicates!$A$2:$A$110,No_duplicates!$C$2:$C$110,"") -> Ashley Peninsula | I10: =IF(_xlfn.XLOOKUP(B10,No_duplicates!$A$2:$A$110,No_duplicates!$D$2:$D$110,"")=0,"",_xlfn.XLOOKUP(B10,No_duplicates!$A$2:$A$110,No_duplicates!$D$2:$D$110)) -> Annesley et al. 1991
B11: A90-006 | C11: =_xlfn.XLOOKUP(B11,No_duplicates!$A$2:$A$110,No_duplicates!$B$2:$B$110,"") -> Quartz Dioritic Gneiss | D11: {=_xlfn.XLOOKUP(1,('Working table'!$B$2:$B$100=Xlookup_table!$B11)*('Working table'!$M$2:$M$100=Xlookup_table!D$1),'Working table'!$L$2:$L$100,"")} -> 2638 ±65 (Xtm) | E11: {=_xlfn.XLOOKUP(1,('Working table'!$B$2:$B$100=Xlookup_table!$B11)*('Working table'!$M$2:$M$100=Xlookup_table!E$1),'Working table'!$L$2:$L$100,"")} -> 1779 ±2 (Xtm) | F11: {=_xlfn.XLOOKUP(1,('Working table'!$B$2:$B$98=Xlookup_table!$B11)*('Working table'!$M$2:$M$98=Xlookup_table!F$1),'Working table'!$L$2:$L$98,"")} | G11: {=_xlfn.XLOOKUP(1,('Working table'!$B$2:$B$98=Xlookup_table!$B11)*('Working table'!$M$2:$M$98=Xlookup_table!G$1),'Working table'!$L$2:$L$98,"")} | H11: =_xlfn.XLOOKUP(B11,No_duplicates!$A$2:$A$110,No_duplicates!$C$2:$C$110,"") -> Ashley Peninsula | I11: =IF(_xlfn.XLOOKUP(B11,No_duplicates!$A$2:$A$110,No_duplicates!$D$2:$D$110,"")=0,"",_xlfn.XLOOKUP(B11,No_duplicates!$A$2:$A$110,No_duplicates!$D$2:$D$110)) -> Annesley et al. 1992
B12: A90-011b | C12: =_xlfn.XLOOKUP(B12,No_duplicates!$A$2:$A$110,No_duplicates!$B$2:$B$110,"") -> Grey Granite (sheared) | D12: {=_xlfn.XLOOKUP(1,('Working table'!$B$2:$B$100=Xlookup_table!$B12)*('Working table'!$M$2:$M$100=Xlookup_table!D$1),'Working table'!$L$2:$L$100,"")} | E12: {=_xlfn.XLOOKUP(1,('Working table'!$B$2:$B$100=Xlookup_table!$B12)*('Working table'!$M$2:$M$100=Xlookup_table!E$1),'Working table'!$L$2:$L$100,"")} -> 1719 ±1 (Xtm) | F12: {=_xlfn.XLOOKUP(1,('Working table'!$B$2:$B$98=Xlookup_table!$B12)*('Working table'!$M$2:$M$98=Xlookup_table!F$1),'Working table'!$L$2:$L$98,"")} | G12: {=_xlfn.XLOOKUP(1,('Working table'!$B$2:$B$98=Xlookup_table!$B12)*('Working table'!$M$2:$M$98=Xlookup_table!G$1),'Working table'!$L$2:$L$98,"")} | H12: =_xlfn.XLOOKUP(B12,No_duplicates!$A$2:$A$110,No_duplicates!$C$2:$C$110,"") -> Hidden Bay | I12: =IF(_xlfn.XLOOKUP(B12,No_duplicates!$A$2:$A$110,No_duplicates!$D$2:$D$110,"")=0,"",_xlfn.XLOOKUP(B12,No_duplicates!$A$2:$A$110,No_duplicates!$D$2:$D$110))
B13: A90-012a | C13: =_xlfn.XLOOKUP(B13,No_duplicates!$A$2:$A$110,No_duplicates!$B$2:$B$110,"") -> Meta-gabbro | D13: {=_xlfn.XLOOKUP(1,('Working table'!$B$2:$B$100=Xlookup_table!$B13)*('Working table'!$M$2:$M$100=Xlookup_table!D$1),'Working table'!$L$2:$L$100,"")} -> 1820 ±5 (Xtm) | E13: {=_xlfn.XLOOKUP(1,('Working table'!$B$2:$B$100=Xlookup_table!$B13)*('Working table'!$M$2:$M$100=Xlookup_table!E$1),'Working table'!$L$2:$L$100,"")} | F13: {=_xlfn.XLOOKUP(1,('Working table'!$B$2:$B$98=Xlookup_table!$B13)*('Working table'!$M$2:$M$98=Xlookup_table!F$1),'Working table'!$L$2:$L$98,"")} | G13: {=_xlfn.XLOOKUP(1,('Working table'!$B$2:$B$98=Xlookup_table!$B13)*('Working table'!$M$2:$M$98=Xlookup_table!G$1),'Working table'!$L$2:$L$98,"")} | H13: =_xlfn.XLOOKUP(B13,No_duplicates!$A$2:$A$110,No_duplicates!$C$2:$C$110,"") -> Hidden Bay | I13: =IF(_xlfn.XLOOKUP(B13,No_duplicates!$A$2:$A$110,No_duplicates!$D$2:$D$110,"")=0,"",_xlfn.XLOOKUP(B13,No_duplicates!$A$2:$A$110,No_duplicates!$D$2:$D$110)) -> Annesley et al. 1992
... B53: ZM-08-02 | C53: =_xlfn.XLOOKUP(B53,No_duplicates!$A$2:$A$110,No_duplicates!$B$2:$B$110,"") -> Porphyritic granite | D53: {=_xlfn.XLOOKUP(1,('Working table'!$B$2:$B$100=Xlookup_table!$B53)*('Working table'!$M$2:$M$100=Xlookup_table!D$1),'Working table'!$L$2:$L$100,"")} -> 1824 ±3 (Ttn) | E53: {=_xlfn.XLOOKUP(1,('Working table'!$B$2:$B$100=Xlookup_table!$B53)*('Working table'!$M$2:$M$100=Xlookup_table!E$1),'Working table'!$L$2:$L$100,"")} | F53: {=_xlfn.XLOOKUP(1,('Working table'!$B$2:$B$98=Xlookup_table!$B53)*('Working table'!$M$2:$M$98=Xlookup_table!F$1),'Working table'!$L$2:$L$98,"")} | G53: {=_xlfn.XLOOKUP(1,('Working table'!$B$2:$B$98=Xlookup_table!$B53)*('Working table'!$M$2:$M$98=Xlookup_table!G$1),'Working table'!$L$2:$L$98,"")} | H53: =_xlfn.XLOOKUP(B53,No_duplicates!$A$2:$A$110,No_duplicates!$C$2:$C$110,"") -> Wheeler River | I53: =IF(_xlfn.XLOOKUP(B53,No_duplicates!$A$2:$A$110,No_duplicates!$D$2:$D$110,"")=0,"",_xlfn.XLOOKUP(B53,No_duplicates!$A$2:$A$110,No_duplicates!$D$2:$D$110)) -> Annesley et al. 1999
B54: MAC-257-1 | C54: =_xlfn.XLOOKUP(B54,No_duplicates!$A$2:$A$110,No_duplicates!$B$2:$B$110,"") -> Leucogranite | D54: {=_xlfn.XLOOKUP(1,('Working table'!$B$2:$B$100=Xlookup_table!$B54)*('Working table'!$M$2:$M$100=Xlookup_table!D$1),'Working table'!$L$2:$L$100,"")} -> 1816 ±1 (Xtm) | E54: {=_xlfn.XLOOKUP(1,('Working table'!$B$2:$B$100=Xlookup_table!$B54)*('Working table'!$M$2:$M$100=Xlookup_table!E$1),'Working table'!$L$2:$L$100,"")} | H54: =_xlfn.XLOOKUP(B54,No_duplicates!$A$2:$A$110,No_duplicates!$C$2:$C$110,"") -> McArthur River | I54: =IF(_xlfn.XLOOKUP(B54,No_duplicates!$A$2:$A$110,No_duplicates!$D$2:$D$110,"")=0,"",_xlfn.XLOOKUP(B54,No_duplicates!$A$2:$A$110,No_duplicates!$D$2:$D$110)) -> Annesley et al. 2007

Sheet Unique_values
B2: Unique Value/Sample | C2: Unique Value/interpretation
B3: {=_xlfn.UNIQUE('Working table'!B2:B101)} -> CX-28 | C3: {=_xlfn.UNIQUE('Working table'!M2:M98)} -> Metamorphic age | F3: Metamorphic age | G3: Crystallization age | H3: Detrital age | I3: Hudsonian metamorphism (lower intercept) | J3: Inherited age
B4: A88-042 | C4: Crystallization age | F4: Metamorphic age | G4: Crystallization age | H4: Detrital age | I4: Hudsonian metamorphism (lower intercept) | J4: Inherited age
B5: A91-015 | C5: Hudsonian metamorphism | F5: Metamorphic age | G5: Crystallization age | H5: Detrital age | I5: Hudsonian metamorphism (lower intercept) | J5: Inherited age
B6: A88-036 | C6: Inherited age | F6: Metamorphic age | G6: Crystallization age | H6: Detrital age | I6: Hudsonian metamorphism (lower intercept) | J6: Inherited age
B7: A93-036 | C7: Detrital age | F7: Metamorphic age | G7: Crystallization age | H7: Detrital age | I7: Hudsonian metamorphism (lower intercept) | J7: Inherited age
B8: MT-18 | C8: 0
B9: ZM-08
B10: A93-037a
B11: ST-1
B12: NN-2
B13: A94-051
B14: MAC-65
B15: NN-4
B16: CX-30
B17: MAC-257
B18: WYL-09-46
B19: WYL-10-62
B20: A89-116
... B45: A91-014
B46: 0
B47: A89-100
B48: A94-040a
B49: ZM-08-02
B50: A90-006
B51: A92-056a
B52: A92-007b1
B53: A90-005b
B54: CLC1-123
B55: PVS-9
B56: S-566
B57: JM-2
B58: JM-3

Sheet No_duplicates
A1: Sample | B1: Rock | C1: Area | D1: Reference | E1: Reference2
A2: A230 | B2: Pegmatite | C2: Dawn Lake | D2: Annesley et al. 1997
A3: A88-036 | B3: Calc-silicate vein | C3: Karpinka Lake | D3: Annesley et al. 1992
A4: A88-042 | B4: Calc-silicate Gneiss | C4: Karpinka Lake | D4: Annesley et al. 1997
A5: A88-043 | B5: Monzogabbro | C5: Karpinka Lake | D5: Annesley et al. 1993
A6: A88-052 | B6: Mylonitic Tonalitic Gneiss | C6: Karpinka Lake | D6: Annesley et al. 1992
A7: A89-100 | B7: Porphyritic Granite | C7: Hidden Bay | D7: Annesley et al. 1992
A8: A89-108 | B8: Pelitic Gneiss | C8: Hidden Bay | D8: Annesley et al. 1992
A9: A89-114 | B9: Meta-quartzite | C9: Hidden Bay | D9: Annesley et al. 1992
A10: A89-116 | B10: Granodioritic Gneiss | C10: SE Rabbit Lake | D10: Annesley et al. 1992
A11: A90-005b | B11: Tonalitic Gneiss | C11: Ashley Peninsula | D11: Annesley et al. 1991
A12: A90-006 | B12: Quartz Dioritic Gneiss | C12: Ashley Peninsula | D12: Annesley et al. 1992
A13: A90-011b | B13: Grey Granite (sheared) | C13: Hidden Bay
A14: A90-012a | B14: Meta-gabbro | C14: Hidden Bay | D14: Annesley et al. 1992
A15: A91-014 | B15: Pelitic gneiss | C15: Karpinka Lake | D15: Annesley et al. 1992
A16: A91-015 | B16: Calc-silicate Gneiss | C16: Karpinka Lake | D16: Annesley et al. 1997
A17: A92-002b | B17: Granodioritic Gneiss | C17: Karpinka Lake | D17: Annesley et al. 1997
A18: A92-007b1 | B18: Silicified granitic Gneiss | C18: Karpinka Lake | D18: Annesley et al. 1997
A19: A92-011c | B19: Metasomatized Orthogneiss | C19: Karpinka Lake | D19: Annesley et al. 1997
A20: A92-045 | B20: Pegmatite | C20: Karpinka Lake | D20: Annesley et al. 1997
A21: A92-056a | B21: Retrogessed Tonalitic Gneiss | C21: Karpinka Lake | D21: Annesley et al. 1997
A22: A93-026a | B22: Monzogabbro | C22: Sandy Islands | D22: Annesley et al. 1995
A23: A93-036 | B23: Foliated Granite | C23: Fife Island | D23: Annesley et al. 1997
A24: A93-037a | B24: Foliated Grey Granite | C24: Greenway Island | D24: Annesley et al. 1997
A25: A93-037b | B25: Pegmatite | C25: Greenway Island | D25: Annesley and Madore, 1997
... A56: MAC-257-1 | B56: Leucogranite | C56: McArthur River | D56: Annesley et al. 2007

Sheet Working table
A1: Map | B1: Sample | C1: Rock | D1: System | E1: Technique | F1: Mineral | G1: Min_label | H1: Age | I1: Analytical/Internal uncertainty (X) | J1: Error | K1: Age + error | L1: Age + error + min | M1: Interpretation | N1: Sample type | O1: Depth | P1: Area | Q1: longitute | R1: Latitute2 | S1: UTM E | T1: UTM N | U1: Column4 | V1: Column5 | W1: Column6
B2: CX-28 | C2: Archean granitic gneiss | D2: U-Pb | E2: ID-TIMS | F2: Monazite | G2: =IF('Working table'!$F58=$X$2,$Y$2,IF('Working table'!$F58=$X$3,$Y$3,IF('Working table'!$F58=$X$4,$Y$4,IF('Working table'!$F58=$X$5,$Y$5,$Y$6)))) -> Xtm | H2: 1791.3 | I2: +8/-7 | J2: ±8 | K2: =H2 & " " & J2 -> 1791.3 ±8 | L2: =H2&" "&J2&" "&"("&G2&")" -> 1791.3 ±8 (Xtm) | M2: Metamorphic age | N2: Drill core | O2: 760.25-760.50 | P2: Millenium Deposit | U2: Annesley et al. 2007
B3: CX-28 | C3: Archean granitic gneiss | D3: U-Pb | E3: ID-TIMS | F3: Zircon | G3: =IF('Working table'!$F59=$X$2,$Y$2,IF('Working table'!$F59=$X$3,$Y$3,IF('Working table'!$F59=$X$4,$Y$4,IF('Working table'!$F59=$X$5,$Y$5,$Y$6)))) -> Xtm | H3: 2731 | I3: 25 | J3: ±25 | K3: =H3 & " " & J3 -> 2731 ±25 | L3: =H3&" "&J3&" "&"("&G3&")" -> 2731 ±25 (Xtm) | M3: Crystallization age | N3: Drill core | O3: 760.25-760.50 | P3: Millenium Deposit | U3: Annesley et al. 2007
A4: 99-4.2-(9.1) | B4: A88-042 | C4: Calc-silicate Gneiss | D4: U-Pb | E4: TIMS | F4: Titanite | G4: =IF('Working table'!$F5=$X$2,$Y$2,IF('Working table'!$F5=$X$3,$Y$3,IF('Working table'!$F5=$X$4,$Y$4,IF('Working table'!$F5=$X$5,$Y$5,$Y$6)))) -> Ttn | H4: 1783 | I4: 4 | J4: ±4 | K4: =H4 & " " & J4 -> 1783 ±4 | L4: =H4&" "&J4&" "&"("&G4&")" -> 1783 ±4 (Ttn) | M4: Metamorphic age | N4: Outcrop | P4: Karpinka Lake | Q4: -106.12139 | R4: 56.933056 | S4: 431695 | T4: 6308856 | U4: Annesley et al. 1997 | X4: Titanite | Y4: Ttn
A5: 99-4.2-(9.1) | B5: A91-015 | C5: Calc-silicate Gneiss | D5: U-Pb | E5: TIMS | F5: Titanite | G5: =IF('Working table'!$F27=$X$2,$Y$2,IF('Working table'!$F27=$X$3,$Y$3,IF('Working table'!$F27=$X$4,$Y$4,IF('Working table'!$F27=$X$5,$Y$5,$Y$6)))) -> Xtm | H5: 1796 | I5: 4 | J5: ±4 | K5: =H5 & " " & J5 -> 1796 ±4 | L5: =H5&" "&J5&" "&"("&G5&")" -> 1796 ±4 (Xtm) | M5: Metamorphic age | N5: Outcrop | P5: Karpinka Lake | Q5: -106.13444 | R5: 56.933056 | S5: 430929 | T5: 6310520 | U5: Annesley et al. 1997
A6: 99-4.2-(9.1) | B6: A88-036 | C6: Calc-silicate vein | D6: U-Pb | E6: TIMS | F6: Titanite | G6: =IF('Working table'!$F4=$X$2,$Y$2,IF('Working table'!$F4=$X$3,$Y$3,IF('Working table'!$F4=$X$4,$Y$4,IF('Working table'!$F4=$X$5,$Y$5,$Y$6)))) -> Ttn | H6: 1789 | I6: 4 | J6: ±4 | K6: =H6 & " " & J6 -> 1789 ±4 | L6: =H6&" "&J6&" "&"("&G6&")" -> 1789 ±4 (Ttn) | M6: Metamorphic age | N6: Outcrop | P6: Karpinka Lake | Q6: -106.15278 | R6: 56.831389 | S6: 429777 | T6: 6299228 | U6: Annesley et al. 1992 | X6: Xenotime | Y6: Xtm
A7: 99-4.2-(9.2) | B7: A93-036 | C7: Foliated Granite | D7: U-Pb | E7: TIMS | F7: Zircon | G7: =IF('Working table'!$F40=$X$2,$Y$2,IF('Working table'!$F40=$X$3,$Y$3,IF('Working table'!$F40=$X$4,$Y$4,IF('Working table'!$F40=$X$5,$Y$5,$Y$6)))) -> Xtm | H7: 2726 | I7: 5 | J7: ±3 | K7: =H7 & " " & J7 -> 2726 ±3 | L7: =H7&" "&J7&" "&"("&G7&")" -> 2726 ±3 (Xtm) | M7: Crystallization age | N7: Outcrop | P7: Fife Island | Q7: -103.3525 | R7: 58.42 | S7: 596240 | T7: 6476663 | U7: Annesley et al. 1997
A8: 99-4.2-(9.1) | B8: MT-18 | C8: Foliated Granite | D8: U-Pb | E8: TIMS | F8: Zircon | G8: =IF('Working table'!$F69=$X$2,$Y$2,IF('Working table'!$F69=$X$3,$Y$3,IF('Working table'!$F69=$X$4,$Y$4,IF('Working table'!$F69=$X$5,$Y$5,$Y$6)))) -> Xtm | H8: 2593 | I8: 5 | J8: ±5 | K8: =H8 & " " & J8 -> 2593 ±5 | L8: =H8&" "&J8&" "&"("&G8&")" -> 2593 ±5 (Xtm) | M8: Crystallization age | N8: Drill core | O8: 356.0-365.4 or 364.2-364.7 | P8: Moore - Tomblin | Q8: -105.05306 | R8: 57.47 | S8: 496791 | T8: 6369707 | U8: Annesley et al. 1999
A9: 99-4.2-(9.1) | B9: MT-18 | C9: Foliated Granite | D9: U-Pb | E9: TIMS | F9: Monazite | G9: =IF('Working table'!$F70=$X$2,$Y$2,IF('Working table'!$F70=$X$3,$Y$3,IF('Working table'!$F70=$X$4,$Y$4,IF('Working table'!$F70=$X$5,$Y$5,$Y$6)))) -> Xtm | H9: 1819 | I9: 2 | J9: ±2 | K9: =H9 & " " & J9 -> 1819 ±2 | L9: =H9&" "&J9&" "&"("&G9&")" -> 1819 ±2 (Xtm) | M9: Metamorphic age | N9: Drill core | O9: 356.0-365.4 or 364.2-364.6 | P9: Moore - Tomblin | Q9: -105.05306 | R9: 57.47 | S9: 496791 | T9: 6369707 | U9: Annesley et al. 1999
A10: 99-4.2-(9.1) | B10: ZM-08 | C10: Foliated Granite | D10: U-Pb | E10: TIMS | F10: Zircon | G10: =IF('Working table'!$F87=$X$2,$Y$2,IF('Working table'!$F87=$X$3,$Y$3,IF('Working table'!$F87=$X$4,$Y$4,IF('Working table'!$F87=$X$5,$Y$5,$Y$6)))) -> Xtm | H10: 1818 | I10: 1 | J10: ±1 | K10: =H10 & " " & J10 -> 1818 ±1 | L10: =H10&" "&J10&" "&"("&G10&")" -> 1818 ±1 (Xtm) | M10: Crystallization age | N10: Drill core | O10: 437.8-438.1 or 440.8-441.1 | P10: Wheeler River | Q10: -105.30722 | R10: 57.508333 | S10: 481567 | T10: 6374041 | U10: Annesley et al. 1999
A11: 99-4.2-(9.1) | B11: ZM-08 | C11: Foliated Granite | D11: U-Pb | E11: TIMS | F11: Monazite | G11: =IF('Working table'!$F88=$X$2,$Y$2,IF('Working table'!$F88=$X$3,$Y$3,IF('Working table'!$F88=$X$4,$Y$4,IF('Working table'!$F88=$X$5,$Y$5,$Y$6)))) -> Xtm | H11: 1783 | I11: 2 | J11: ±2 | K11: =H11 & " " & J11 -> 1783 ±2 | L11: =H11&" "&J11&" "&"("&G11&")" -> 1783 ±2 (Xtm) | M11: Metamorphic age | N11: Drill core | O11: 437.8-438.1 or 440.8-441.1 | P11: Wheeler River | Q11: -105.30722 | R11: 57.508333 | S11: 481567 | T11: 6374041 | U11: Annesley et al. 1999
A12: 99-4.2-(9.1) | B12: ZM-08 | C12: Foliated Granite | D12: U-Pb | E12: TIMS | F12: Monazite | G12: =IF('Working table'!$F89=$X$2,$Y$2,IF('Working table'!$F89=$X$3,$Y$3,IF('Working table'!$F89=$X$4,$Y$4,IF('Working table'!$F89=$X$5,$Y$5,$Y$6)))) -> Xtm | H12: 1797 | I12: 1 | J12: ±1 | K12: =H12 & " " & J12 -> 1797 ±1 | L12: =H12&" "&J12&" "&"("&G12&")" -> 1797 ±1 (Xtm) | M12: Metamorphic age | N12: Drill core | O12: 437.8-438.1 or 440.8-441.1 | P12: Wheeler River | Q12: -105.30722 | R12: 57.508333 | S12: 481567 | T12: 6374041 | U12: Annesley et al. 1999
A13: 99-4.2-(9.1) | B13: ZM-08 | C13: Foliated Granite | D13: U-Pb | E13: TIMS | F13: Monazite | G13: =IF('Working table'!$F90=$X$2,$Y$2,IF('Working table'!$F90=$X$3,$Y$3,IF('Working table'!$F90=$X$4,$Y$4,IF('Working table'!$F90=$X$5,$Y$5,$Y$6)))) -> Xtm | H13: 1810 | I13: 1 | J13: ±1 | K13: =H13 & " " & J13 -> 1810 ±1 | L13: =H13&" "&J13&" "&"("&G13&")" -> 1810 ±1 (Xtm) | M13: Metamorphic age | N13: Drill core | O13: 437.8-438.1 or 440.8-441.0 | P13: Wheeler River | Q13: -105.30722 | R13: 57.508333 | S13: 481567 | T13: 6374041 | U13: Annesley et al. 1999
A14: 99-4.2-(9.2) | B14: A93-037a | C14: Foliated Grey Granite | D14: U-Pb | E14: TIMS | F14: Zircon | G14: =IF('Working table'!$F41=$X$2,$Y$2,IF('Working table'!$F41=$X$3,$Y$3,IF('Working table'!$F41=$X$4,$Y$4,IF('Working table'!$F41=$X$5,$Y$5,$Y$6)))) -> Xtm | H14: 1840 | I14: +11/-11 | J14: ±11 | K14: =H14 & " " & J14 -> 1840 ±11 | L14: =H14&" "&J14&" "&"("&G14&")" -> 1840 ±11 (Xtm) | M14: Crystallization age | N14: Outcrop | P14: Greenway Island | Q14: -103.33 | R14: 59.412778 | S14: 597570 | T14: 6475893 | U14: Annesley et al. 1997
A15: 99-4.2-(9.2) | B15: A93-037a | C15: Foliated Grey Granite | D15: U-Pb | E15: TIMS | F15: Monazite | G15: =IF('Working table'!$F42=$X$2,$Y$2,IF('Working table'!$F42=$X$3,$Y$3,IF('Working table'!$F42=$X$4,$Y$4,IF('Working table'!$F42=$X$5,$Y$5,$Y$6)))) -> Xtm | H15: 1790 | I15: 1 | J15: ±1 | K15: =H15 & " " & J15 -> 1790 ±1 | L15: =H15&" "&J15&" "&"("&G15&")" -> 1790 ±1 (Xtm) | M15: Metamorphic age | N15: Outcrop | P15: Greenway Island | Q15: -103.33 | R15: 59.412778 | S15: 597570 | T15: 6475893 | U15: Annesley et al. 1997 | V15: Annesley et al. 1994
A16: 99-4.2-(9.2) | B16: ST-1 | C16: Foliated leucotonalite (Trondhjemite) | D16: U-Pb | E16: TIMS | F16: Titanite | G16: =IF('Working table'!$F81=$X$2,$Y$2,IF('Working table'!$F81=$X$3,$Y$3,IF('Working table'!$F81=$X$4,$Y$4,IF('Working table'!$F81=$X$5,$Y$5,$Y$6)))) -> Xtm | H16: 1752 | I16: 2 | J16: ±2 | K16: =H16 & " " & J16 -> 1752 ±2 | L16: =H16&" "&J16&" "&"("&G16&")" -> 1752 ±2 (Xtm) | M16: Metamorphic age | N16: Drill core | P16: McClean Lake-Collins Creek | Q16: -103.90194 | R16: 58.225278 | S16: 564493 | T16: 6454320 | U16: Annesley et al. 1997 | V16: Annesley et al. 1996
B17: NN-2 | C17: Foliated meta-tonalite | D17: U-Pb | E17: ID-TIMS | F17: Zircon | G17: =IF('Working table'!$F92=$X$2,$Y$2,IF('Working table'!$F92=$X$3,$Y$3,IF('Working table'!$F92=$X$4,$Y$4,IF('Working table'!$F92=$X$5,$Y$5,$Y$6)))) -> Xtm | H17: 2612 | I17: 22 | J17: ±22 | K17: =H17 & " " & J17 -> 2612 ±22 | L17: =H17&" "&J17&" "&"("&G17&")" -> 2612 ±22 (Xtm) | M17: Crystallization age | N17: Drill core | P17: Russel Lake | U17: Annesley et al. 2007
B18: NN-2 | C18: Foliated meta-tonalite | D18: U-Pb | E18: ID-TIMS | F18: Monazite | G18: =IF('Working table'!$F93=$X$2,$Y$2,IF('Working table'!$F93=$X$3,$Y$3,IF('Working table'!$F93=$X$4,$Y$4,IF('Working table'!$F93=$X$5,$Y$5,$Y$6)))) -> Xtm | H18: 1803 | I18: 1 | J18: ±1 | K18: =H18 & " " & J18 -> 1803 ±1 | L18: =H18&" "&J18&" "&"("&G18&")" -> 1803 ±1 (Xtm) | M18: Metamorphic age | N18: Drill core | P18: Russel Lake | U18: Annesley et al. 2007
A19: 99-4.2-(9.2) | B19: A94-051 | C19: Granitic Gneiss | D19: U-Pb | E19: TIMS | F19: Zircon | G19: =IF('Working table'!$F46=$X$2,$Y$2,IF('Working table'!$F46=$X$3,$Y$3,IF('Working table'!$F46=$X$4,$Y$4,IF('Working table'!$F46=$X$5,$Y$5,$Y$6)))) -> Xtm | H19: 2626 | I19: +15/-13 | J19: ±15 | K19: =H19 & " " & J19 -> 2626 ±15 | L19: =H19&" "&J19&" "&"("&G19&")" -> 2626 ±15 (Xtm) | M19: Crystallization age | N19: Outcrop | P19: East of Black Island | Q19: -103.60528 | R19: 58.151111 | S19: 582082 | T19: 6446396 | U19: Annesley et al. 1997
A20: 99-4.2-(9.2) | B20: A94-051 | C20: Granitic Gneiss | D20: U-Pb | E20: TIMS | F20: Zircon | G20: =IF('Working table'!$F47=$X$2,$Y$2,IF('Working table'!$F47=$X$3,$Y$3,IF('Working table'!$F47=$X$4,$Y$4,IF('Working table'!$F47=$X$5,$Y$5,$Y$6)))) -> Ttn | H20: 1837 | I20: 34 | J20: ±34 | K20: =H20 & " " & J20 -> 1837 ±34 | L20: =H20&" "&J20&" "&"("&G20&")" -> 1837 ±34 (Ttn) | M20: Hudsonian metamorphism | N20: Outcrop | P20: East of Black Island | Q20: -103.60528 | R20: 58.151111 | S20: 582082 | T20: 6446396 | U20: Annesley et al. 1997
A21: 99-4.2-(9.1) | B21: MAC-65 | C21: Granitic Gneiss | D21: U-Pb | E21: TIMS | F21: Zircon | G21: =IF('Working table'!$F68=$X$2,$Y$2,IF('Working table'!$F68=$X$3,$Y$3,IF('Working table'!$F68=$X$4,$Y$4,IF('Working table'!$F68=$X$5,$Y$5,$Y$6)))) -> Xtm | H21: 2592 | I21: +7/-5 | J21: ±7 | K21: =H21 & " " & J21 -> 2592 ±7 | L21: =H21&" "&J21&" "&"("&G21&")" -> 2592 ±7 (Xtm) | M21: Crystallization age | N21: Drill core | O21: 268.5-269.0 or 272.9-273.3 or 286.3-286.7 | P21: McArthur River | Q21: -104.9825 | R21: 57.483889 | S21: 501020 | T21: 6371271 | U21: Annesley et al. 1999 | V21: Annesley et al. 1998
B22: NN-4 | C22: Granitic gneiss | D22: U-Pb | E22: ID-TIMS | F22: Zircon | G22: =IF('Working table'!$F94=$X$2,$Y$2,IF('Working table'!$F94=$X$3,$Y$3,IF('Working table'!$F94=$X$4,$Y$4,IF('Working table'!$F94=$X$5,$Y$5,$Y$6)))) -> Xtm | H22: 2583 | I22: 14 | J22: ±14 | K22: =H22 & " " & J22 -> 2583 ±14 | L22: =H22&" "&J22&" "&"("&G22&")" -> 2583 ±14 (Xtm) | M22: Crystallization age | N22: Drill core | P22: Russel Lake | U22: Annesley et al. 2007
B23: NN-4 | C23: Granitic gneiss | D23: U-Pb | E23: ID-TIMS | F23: Monazite | G23: =IF('Working table'!$F95=$X$2,$Y$2,IF('Working table'!$F95=$X$3,$Y$3,IF('Working table'!$F95=$X$4,$Y$4,IF('Working table'!$F95=$X$5,$Y$5,$Y$6)))) -> Xtm | H23: 1821.9 | I23: 2 | J23: ±2 | K23: =H23 & " " & J23 -> 1821.9 ±2 | L23: =H23&" "&J23&" "&"("&G23&")" -> 1821.9 ±2 (Xtm) | M23: Metamorphic age | N23: Drill core | P23: Russel Lake | U23: Annesley et al. 2007
B24: CX-30 | C24: Granitic pegmatite | D24: U-Pb | E24: ID-TIMS | F24: Zircon | G24: =IF('Working table'!$F60=$X$2,$Y$2,IF('Working table'!$F60=$X$3,$Y$3,IF('Working table'!$F60=$X$4,$Y$4,IF('Working table'!$F60=$X$5,$Y$5,$Y$6)))) -> Ttn | H24: 1816 | I24: 7 | J24: ±7 | K24: =H24 & " " & J24 -> 1816 ±7 | L24: =H24&" "&J24&" "&"("&G24&")" -> 1816 ±7 (Ttn) | M24: Crystallization age | N24: Drill core | O24: 713.0-713.6 | P24: Millenium Deposit | U24: Annesley et al. 2007
B25: CX-30 | C25: Granitic pegmatite | D25: U-Pb | E25: ID-TIMS | F25: Monazite | G25: =IF('Working table'!$F61=$X$2,$Y$2,IF('Working table'!$F61=$X$3,$Y$3,IF('Working table'!$F61=$X$4,$Y$4,IF('Working table'!$F61=$X$5,$Y$5,$Y$6)))) -> Ttn | H25: 1792.4 | I25: 1.2 | J25: ±1.2 | K25: =H25 & " " & J25 -> 1792.4 ±1.2 | L25: =H25&" "&J25&" "&"("&G25&")" -> 1792.4 ±1.2 (Ttn) | M25: Metamorphic age | N25: Drill core | O25: 713.0-713.6 | P25: Millenium Deposit | U25: Annesley et al. 2007
B26: MAC-257 | C26: Granitic pegmatite | D26: U-Pb | E26: ID-TIMS | F26: Monazite | G26: =IF('Working table'!$F64=$X$2,$Y$2,IF('Working table'!$F64=$X$3,$Y$3,IF('Working table'!$F64=$X$4,$Y$4,IF('Working table'!$F64=$X$5,$Y$5,$Y$6)))) -> Xtm | H26: 1814.6 | I26: 1.4 | J26: ±1.4 | K26: =H26 & " " & J26 -> 1814.6 ±1.4 | L26: =H26&" "&J26&" "&"("&G26&")" -> 1814.6 ±1.4 (Xtm) | M26: Crystallization age | N26: Drill core | O26: 636.5-636.9 | P26: McArthur River | U26: Annesley et al. 2007
B27: MAC-257 | C27: Granitic pegmatite | D27: U-Pb | E27: ID-TIMS | F27: Zircon | G27: =IF('Working table'!$F65=$X$2,$Y$2,IF('Working table'!$F65=$X$3,$Y$3,IF('Working table'!$F65=$X$4,$Y$4,IF('Working table'!$F65=$X$5,$Y$5,$Y$6)))) -> Xtm | H27: 1811.5 | I27: 5 | J27: ±5 | K27: =H27 & " " & J27 -> 1811.5 ±5 | L27: =H27&" "&J27&" "&"("&G27&")" -> 1811.5 ±5 (Xtm) | M27: Crystallization age | N27: Drill core | O27: 636.5-636.9 | P27: McArthur River | U27: Annesley et al. 2007
B28: WYL-09-46 | C28: Granitic pegmatite | D28: U-Pb | E28: Chemical age | F28: Monazite | G28: =IF('Working table'!$F82=$X$2,$Y$2,IF('Working table'!$F82=$X$3,$Y$3,IF('Working table'!$F82=$X$4,$Y$4,IF('Working table'!$F82=$X$5,$Y$5,$Y$6)))) -> Xtm | H28: 2.05-2.25 Ga | K28: =H28 & " " & J28 -> 2.05-2.25 Ga | L28: =H28&" "&J28&" "&"("&G28&")" -> 2.05-2.25 Ga (Xtm) | M28: Inherited age | N28: Drill core | O28: 32.6 | P28: Fraser Lake Zone B -Group B | U28: McKechnie et al., 2013
B29: WYL-10-62 | C29: Granitic pegmatite | D29: U-Pb | E29: Chemical age | F29: Uraninite | G29: =IF('Working table'!$F83=$X$2,$Y$2,IF('Working table'!$F83=$X$3,$Y$3,IF('Working table'!$F83=$X$4,$Y$4,IF('Working table'!$F83=$X$5,$Y$5,$Y$6)))) -> Ttn | H29: 1.8-1.85 Ga | K29: =H29 & " " & J29 -> 1.8-1.85 Ga | L29: =H29&" "&J29&" "&"("&G29&")" -> 1.8-1.85 Ga (Ttn) | M29: Crystallization age | N29: Drill core | O29: 93.5 | P29: Fraser Lake Zone B -Group A | U29: McKechnie et al., 2012
A30: 99-4.2-(9.2) | B30: A89-116 | C30: Granodioritic Gneiss | D30: U-Pb | E30: TIMS | F30: Zircon | G30: =IF('Working table'!$F14=$X$2,$Y$2,IF('Working table'!$F14=$X$3,$Y$3,IF('Working table'!$F14=$X$4,$Y$4,IF('Working table'!$F14=$X$5,$Y$5,$Y$6)))) -> Xtm | H30: 2620 | I30: +10/-9 | J30: ±10 | K30: =H30 & " " & J30 -> 2620 ±10 | L30: =H30&" "&J30&" "&"("&G30&")" -> 2620 ±10 (Xtm) | M30: Crystallization age | N30: Outcrop | P30: SE Rabbit Lake | Q30: -103.75694 | R30: 58.146667 | S30: 573125 | T30: 6445480 | U30: Annesley et al. 1992
A31: 99-4.2-(9.2) | B31: A89-116 | C31: Granodioritic Gneiss | D31: U-Pb | E31: TIMS | F31: Zircon | G31: =IF('Working table'!$F15=$X$2,$Y$2,IF('Working table'!$F15=$X$3,$Y$3,IF('Working table'!$F15=$X$4,$Y$4,IF('Working table'!$F15=$X$5,$Y$5,$Y$6)))) -> Xtm | H31: 1798 | I31: 14 | J31: ±14 | K31: =H31 & " " & J31 -> 1798 ±14 | L31: =H31&" "&J31&" "&"("&G31&")" -> 1798 ±14 (Xtm) | M31: Metamorphic age | N31: Outcrop | P31: SE Rabbit Lake | Q31: -103.75694 | R31: 58.146667 | S31: 573125 | T31: 6445480 | U31: Annesley et al. 1992
A32: 99-4.2-(9.2) | B32: A89-116 | C32: Granodioritic Gneiss | D32: U-Pb | E32: TIMS | F32: Titanite | G32: =IF('Working table'!$F16=$X$2,$Y$2,IF('Working table'!$F16=$X$3,$Y$3,IF('Working table'!$F16=$X$4,$Y$4,IF('Working table'!$F16=$X$5,$Y$5,$Y$6)))) -> Ttn | H32: 1789 | I32: 2 | J32: ±2 | K32: =H32 & " " & J32 -> 1789 ±2 | L32: =H32&" "&J32&" "&"("&G32&")" -> 1789 ±2 (Ttn) | M32: Metamorphic age | N32: Outcrop | P32: SE Rabbit Lake | Q32: -103.75694 | R32: 58.146667 | S32: 573125 | T32: 6445480 | U32: Annesley et al. 1992 | V32: Annesley et al. 1991
A33: 99-4.2-(9.1) | B33: A92-002b | C33: Granodioritic Gneiss | D33: U-Pb | E33: TIMS | F33: Titanite | G33: =IF('Working table'!$F28=$X$2,$Y$2,IF('Working table'!$F28=$X$3,$Y$3,IF('Working table'!$F28=$X$4,$Y$4,IF('Working table'!$F28=$X$5,$Y$5,$Y$6)))) -> Xtm | H33: 1792 | I33: 4 | J33: ±4 | K33: =H33 & " " & J33 -> 1792 ±4 | L33: =H33&" "&J33&" "&"("&G33&")" -> 1792 ±4 (Xtm) | M33: Metamorphic age | N33: Outcrop | P33: Karpinka Lake | Q33: -106.13 | R33: 56.955833 | S33: 431247 | T33: 6313050 | U33: Annesley et al. 1997
A34: 99-4.2-(9.2) | B34: A90-011b | C34: Grey Granite (sheared) | D34: U-Pb | E34: TIMS | F34: Zircon | G34: =IF('Working table'!$F22=$X$2,$Y$2,IF('Working table'!$F22=$X$3,$Y$3,IF('Working table'!$F22=$X$4,$Y$4,IF('Working table'!$F22=$X$5,$Y$5,$Y$6)))) -> Xtm | H34: 1719 | I34: 1 | J34: ±1 | K34: =H34 & " " & J34 -> 1719 ±1 | L34: =H34&" "&J34&" "&"("&G34&")" -> 1719 ±1 (Xtm) | M34: Metamorphic age | N34: Outcrop | P34: Hidden Bay | Q34: -103.58528 | R34: 58.208333 | S34: 583112 | T34: 6452798 | U34: Unpublished
A35: 99-4.2-(9.2) | B35: A90-011b | C35: Grey Granite (sheared) | D35: U-Pb | E35: TIMS | F35: Monazite | G35: =IF('Working table'!$F23=$X$2,$Y$2,IF('Working table'!$F23=$X$3,$Y$3,IF('Working table'!$F23=$X$4,$Y$4,IF('Working table'!$F23=$X$5,$Y$5,$Y$6)))) -> Xtm | H35: 1782 | I35: 1 | J35: ±1 | K35: =H35 & " " & J35 -> 1782 ±1 | L35: =H35&" "&J35&" "&"("&G35&")" -> 1782 ±1 (Xtm) | M35: Metamorphic age | N35: Outcrop | P35: Hidden Bay | Q35: -103.58528 | R35: 58.208333 | S35: 583112 | T35: 6452798 | U35: Unpublished
A36: 99-4.2-(9.1) | B36: P-25 | C36: Grey Orthogneiss | D36: U-Pb | E36: TIMS | F36: Zircon | G36: =IF('Working table'!$F71=$X$2,$Y$2,IF('Working table'!$F71=$X$3,$Y$3,IF('Working table'!$F71=$X$4,$Y$4,IF('Working table'!$F71=$X$5,$Y$5,$Y$6)))) -> Xtm | H36: 2786 | I36: 7 | J36: ±7 | K36: =H36 & " " & J36 -> 2786 ±7 | L36: =H36&" "&J36&" "&"("&G36&")" -> 2786 ±7 (Xtm) | M36: Crystallization age | N36: Drill core | O36: 97.0-97.3 or 101.7-102.5 | P36: P-Patch | Q36: -105.57694 | R36: 57.220278 | S36: 465124 | T36: 6342069 | U36: Annesley et al. 1999 | V36: Annesley et al. 1999b
A37: 99-4.2-(9.1) | B37: P-25 | C37: Grey Orthogneiss | D37: U-Pb | E37: TIMS | F37: Zircon | G37: =IF('Working table'!$F72=$X$2,$Y$2,IF('Working table'!$F72=$X$3,$Y$3,IF('Working table'!$F72=$X$4,$Y$4,IF('Working table'!$F72=$X$5,$Y$5,$Y$6)))) -> Xtm | H37: 1813 | I37: 6 | J37: ±6 | K37: =H37 & " " & J37 -> 1813 ±6 | L37: =H37&" "&J37&" "&"("&G37&")" -> 1813 ±6 (Xtm) | M37: Metamorphic age | N37: Drill core | O37: 97.0-97.3 or 101.7-102.3 | P37: P-Patch | Q37: -105.57694 | R37: 57.220278 | S37: 465124 | T37: 6342069 | U37: Annesley et al. 1999 | V37: Annesley et al. 1999b
A38: 99-4.2-(9.1) | B38: P-25 | C38: Grey Orthogneiss | D38: U-Pb | E38: TIMS | F38: Monazite | G38: =IF('Working table'!$F73=$X$2,$Y$2,IF('Working table'!$F73=$X$3,$Y$3,IF('Working table'!$F73=$X$4,$Y$4,IF('Working table'!$F73=$X$5,$Y$5,$Y$6)))) -> Xtm | H38: 1814 | I38: 1 | J38: ±1 | K38: =H38 & " " & J38 -> 1814 ±1 | L38: =H38&" "&J38&" "&"("&G38&")" -> 1814 ±1 (Xtm) | M38: Metamorphic age | N38: Drill core | O38: 97.0-97.3 or 101.7-102.4 | P38: P-Patch | Q38: -105.57694 | R38: 57.220278 | S38: 465124 | T38: 6342069 | U38: Annesley et al. 1999 | V38: Annesley et al. 1999b
A39: 99-4.2-(9.1) | B39: CB94-043 | C39: Grey Tonalitic Gneiss | D39: U-Pb | E39: TIMS | F39: Zircon | G39: =IF('Working table'!$F48=$X$2,$Y$2,IF('Working table'!$F48=$X$3,$Y$3,IF('Working table'!$F48=$X$4,$Y$4,IF('Working table'!$F48=$X$5,$Y$5,$Y$6)))) -> Xtm | H39: 1818 | I39: 1 | J39: ±1 | K39: =H39 & " " & J39 -> 1818 ±1 | L39: =H39&" "&J39&" "&"("&G39&")" -> 1818 ±1 (Xtm) | M39: Crystallization age | N39: Drill core | O39: 521.0-521.8 | P39: Yalowega Lake | Q39: -104.85833 | R39: 57.854444 | S39: 508376 | T39: 6412529 | U39: Annesley et al. 1999 | V39: Annesley et al. 1998
A40: 99-4.2-(9.1) | B40: CB94-043 | C40: Grey Tonalitic Gneiss | D40: U-Pb | E40: TIMS | F40: Monazite | G40: =IF('Working table'!$F49=$X$2,$Y$2,IF('Working table'!$F49=$X$3,$Y$3,IF('Working table'!$F49=$X$4,$Y$4,IF('Working table'!$F49=$X$5,$Y$5,$Y$6)))) -> Xtm | H40: 1801 | I40: 1 | J40: ±1 | K40: =H40 & " " & J40 -> 1801 ±1 | L40: =H40&" "&J40&" "&"("&G40&")" -> 1801 ±1 (Xtm) | M40: Metamorphic age | N40: Drill core | O40: 521.0-521.7 | P40: Yalowega Lake | Q40: -104.85833 | R40: 57.854444 | S40: 508376 | T40: 6412529 | U40: Annesley et al. 1999 | V40: Annesley et al. 1998
B41: MAC-257 | C41: Leucogranite | D41: U-Pb | E41: ID-TIMS | F41: Zircon | G41: =IF('Working table'!$F66=$X$2,$Y$2,IF('Working table'!$F66=$X$3,$Y$3,IF('Working table'!$F66=$X$4,$Y$4,IF('Working table'!$F66=$X$5,$Y$5,$Y$6)))) -> Xtm | H41: 1819 | I41: +10/-7 | J41: ±10 | K41: =H41 & " " & J41 -> 1819 ±10 | L41: =H41&" "&J41&" "&"("&G41&")" -> 1819 ±10 (Xtm) | M41: Crystallization age | N41: Drill core | O41: 628.4-629.0 | P41: McArthur River | U41: Annesley et al. 2007
B42: MAC-257 | C42: Leucogranite | D42: U-Pb | E42: ID-TIMS | F42: Monazite | G42: =IF('Working table'!$F67=$X$2,$Y$2,IF('Working table'!$F67=$X$3,$Y$3,IF('Working table'!$F67=$X$4,$Y$4,IF('Working table'!$F67=$X$5,$Y$5,$Y$6)))) -> Xtm | H42: 1816 | I42: 1 | J42: ±1 | K42: =H42 & " " & J42 -> 1816 ±1 | L42: =H42&" "&J42&" "&"("&G42&")" -> 1816 ±1 (Xtm) | M42: Crystallization age | N42: Drill core | O42: 628.4-629.0 | P42: McArthur River | U42: Annesley et al. 2007
B43: MAC-257-1 | C43: Leucogranite | D43: U-Pb | E43: ID-TIMS | F43: Monazite | G43: =IF('Working table'!$F100=$X$2,$Y$2,IF('Working table'!$F100=$X$3,$Y$3,IF('Working table'!$F100=$X$4,$Y$4,IF('Working table'!$F100=$X$5,$Y$5,$Y$6)))) -> Xtm | H43: 1816 | I43: 1 | J43: ±1 | K43: =H43 & " " & J43 -> 1816 ±1 | L43: =H43&" "&J43&" "&"("&G43&")" -> 1816 ±1 (Xtm) | M43: Crystallization age | N43: Drill core | O43: 628.4-629.0 | P43: McArthur River | U43: Annesley et al. 2007
A44: 99-4.2-(9.2) | B44: A90-012a | C44: Meta-gabbro | D44: U-Pb | E44: TIMS | F44: Zircon | G44: =IF('Working table'!$F24=$X$2,$Y$2,IF('Working table'!$F24=$X$3,$Y$3,IF('Working table'!$F24=$X$4,$Y$4,IF('Working table'!$F24=$X$5,$Y$5,$Y$6)))) -> Xtm | H44: 1820 | I44: 5 | J44: ±5 | K44: =H44 & " " & J44 -> 1820 ±5 | L44: =H44&" "&J44&" "&"("&G44&")" -> 1820 ±5 (Xtm) | M44: Crystallization age | N44: Outcrop | P44: Hidden Bay | Q44: -103.59722 | R44: 58.205556 | S44: 583144 | T44: 6452482 | U44: Annesley et al. 1992
A45: 99-4.2-(9.2) | B45: A89-114 | C45: Meta-quartzite | D45: U-Pb | E45: TIMS | F45: Zircon | G45: =IF('Working table'!$F12=$X$2,$Y$2,IF('Working table'!$F12=$X$3,$Y$3,IF('Working table'!$F12=$X$4,$Y$4,IF('Working table'!$F12=$X$5,$Y$5,$Y$6)))) -> Xtm | H45: 2686-2863 | I45: NA | K45: =H45 & " " & J45 -> 2686-2863 | L45: =H45&" "&J45&" "&"("&G45&")" -> 2686-2863 (Xtm) | M45: Detrital age | N45: Outcrop | P45: Hidden Bay | Q45: -103.76 | R45: 58.144167 | S45: 572965 | T45: 6445460 | U45: Annesley et al. 1992 | W45: Va para la otra tabla
A46: 99-4.2-(9.2) | B46: A89-114 | C46: Meta-quartzite | D46: U-Pb | E46: TIMS | F46: Monazite | G46: =IF('Working table'!$F13=$X$2,$Y$2,IF('Working table'!$F13=$X$3,$Y$3,IF('Working table'!$F13=$X$4,$Y$4,IF('Working table'!$F13=$X$5,$Y$5,$Y$6)))) -> Xtm | H46: 1816 | I46: 2 | J46: ±2 | K46: =H46 & " " & J46 -> 1816 ±2 | L46: =H46&" "&J46&" "&"("&G46&")" -> 1816 ±2 (Xtm) | M46: Metamorphic age | N46: Outcrop | P46: Hidden Bay | Q46: -103.76 | R46: 58.144167 | S46: 572965 | T46: 6445460 | U46: Annesley et al. 1992
A47: 99-4.2-(9.1) | B47: A92-011c | C47: Metasomatized Orthogneiss | D47: U-Pb | E47: TIMS | F47: Titanite | G47: =IF('Working table'!$F34=$X$2,$Y$2,IF('Working table'!$F34=$X$3,$Y$3,IF('Working table'!$F34=$X$4,$Y$4,IF('Working table'!$F34=$X$5,$Y$5,$Y$6)))) -> Xtm | H47: 1803 | I47: 4 | J47: ±4 | K47: =H47 & " " & J47 -> 1803 ±4 | L47: =H47&" "&J47&" "&"("&G47&")" -> 1803 ±4 (Xtm) | M47: Metamorphic age | N47: Outcrop | P47: Karpinka Lake | Q47: -106.15917 | R47: 56.908056 | S47: 429384 | T47: 6307750 | U47: Annesley et al. 1997
A48: 99-4.2-(9.2) | B48: A94-025a | C48: Metasomatized Pegmatite | D48: U-Pb | E48: TIMS | F48: Zircon | G48: =IF('Working table'!$F44=$X$2,$Y$2,IF('Working table'!$F44=$X$3,$Y$3,IF('Working table'!$F44=$X$4,$Y$4,IF('Working table'!$F44=$X$5,$Y$5,$Y$6)))) -> Xtm | H48: 1808 | I48: 4 | J48: ±4 | K48: =H48 & " " & J48 -> 1808 ±4 | L48: =H48&" "&J48&" "&"("&G48&")" -> 1808 ±4 (Xtm) | M48: Metamorphic age | N48: Outcrop | P48: East of Black Island | Q48: -103.58528 | R48: 58.147778 | S48: 583268 | T48: 6446044 | U48: Annesley et al. 1997 | V48: Annesley and Madore, 1997
A49: 99-4.2-(9.1) | B49: ZK-22 | C49: Migmatitic Pelitic Gneiss | D49: U-Pb | E49: TIMS | F49: Monazite | G49: =IF('Working table'!$F84=$X$2,$Y$2,IF('Working table'!$F84=$X$3,$Y$3,IF('Working table'!$F84=$X$4,$Y$4,IF('Working table'!$F84=$X$5,$Y$5,$Y$6)))) -> Ttn | H49: 1800 | I49: 2 | J49: ±2 | K49: =H49 & " " & J49 -> 1800 ±2 | L49: =H49&" "&J49&" "&"("&G49&")" -> 1800 ±2 (Ttn) | M49: Metamorphic age | N49: Drill core | O49: 503.8-504.0 | P49: Wheeler River | Q49: -105.46944 | R49: 57.480278 | S49: 471825 | T49: 6370970 | U49: Annesley et al. 1999
A50: 99-4.2-(9.1) | B50: ZK-22 | C50: Migmatitic Pelitic Gneiss | D50: U-Pb | E50: TIMS | F50: Monazite | G50: =IF('Working table'!$F85=$X$2,$Y$2,IF('Working table'!$F85=$X$3,$Y$3,IF('Working table'!$F85=$X$4,$Y$4,IF('Working table'!$F85=$X$5,$Y$5,$Y$6)))) -> Xtm | H50: 1806 | I50: 2 | J50: ±2 | K50: =H50 & " " & J50 -> 1806 ±2 | L50: =H50&" "&J50&" "&"("&G50&")" -> 1806 ±2 (Xtm) | M50: Metamorphic age | N50: Drill core | O50: 503.8-504.1 | P50: Wheeler River | Q50: -105.46944 | R50: 57.480278 | S50: 471825 | T50: 6370970 | U50: Annesley et al. 1999
A51: 99-4.2-(9.1) | B51: ZK-22 | C51: Migmatitic Pelitic Gneiss | D51: U-Pb | E51: TIMS | F51: Monazite | G51: =IF('Working table'!$F86=$X$2,$Y$2,IF('Working table'!$F86=$X$3,$Y$3,IF('Working table'!$F86=$X$4,$Y$4,IF('Working table'!$F86=$X$5,$Y$5,$Y$6)))) -> Xtm | H51: 1807 | I51: 2 | J51: ±2 | K51: =H51 & " " & J51 -> 1807 ±2 | L51: =H51&" "&J51&" "&"("&G51&")" -> 1807 ±2 (Xtm) | M51: Metamorphic age | N51: Drill core | O51: 503.8-504.2 | P51: Wheeler River | Q51: -105.46944 | R51: 57.480278 | S51: 471825 | T51: 6370970 | U51: Annesley et al. 1999
A52: 99-4.2-(9.2) | B52: Q6-74 | C52: Migmatitic Tonalitic Gneiss | D52: U-Pb | E52: TIMS | F52: Zircon | G52: =IF('Working table'!$F77=$X$2,$Y$2,IF('Working table'!$F77=$X$3,$Y$3,IF('Working table'!$F77=$X$4,$Y$4,IF('Working table'!$F77=$X$5,$Y$5,$Y$6)))) -> Xtm | H52: 1814 | I52: +5/-4 | J52: ±5 | K52: =H52 & " " & J52 -> 1814 ±5 | L52: =H52&" "&J52&" "&"("&G52&")" -> 1814 ±5 (Xtm) | M52: Metamorphic age | N52: Drill core | P52: Jeb | Q52: -103.91972 | S52: 563210 | T52: 6468721 | U52: Annesley et al. 1997
A53: 99-4.2-(9.1) | B53: A88-043 | C53: Monzogabbro | D53: U-Pb | E53: TIMS | F53: Titanite | G53: =IF('Working table'!$F6=$X$2,$Y$2,IF('Working table'!$F6=$X$3,$Y$3,IF('Working table'!$F6=$X$4,$Y$4,IF('Working table'!$F6=$X$5,$Y$5,$Y$6)))) -> Ttn | H53: 1828 | I53: 3 | J53: ±3 | K53: =H53 & " " & J53 -> 1828 ±3 | L53: =H53&" "&J53&" "&"("&G53&")" -> 1828 ±3 (Ttn) | M53: Crystallization age | N53: Outcrop | P53: Karpinka Lake | Q53: -106.11472 | R53: 56.922222 | S53: 432113 | T53: 6309305 | U53: Annesley et al. 1997 | V53: Annesley et al. 1993 | X53: Uraninite | Y53: Urn
A54: 99-4.2-(9.1) | B54: A88-043 | C54: Monzogabbro | D54: U-Pb | E54: TIMS | F54: Zircon | G54: =IF('Working table'!$F7=$X$2,$Y$2,IF('Working table'!$F7=$X$3,$Y$3,IF('Working table'!$F7=$X$4,$Y$4,IF('Working table'!$F7=$X$5,$Y$5,$Y$6)))) -> Xtm | H54: 1829 | I54: 1 | J54: ±1 | K54: =H54 & " " & J54 -> 1829 ±1 | L54: =H54&" "&J54&" "&"("&G54&")" -> 1829 ±1 (Xtm) | M54: Crystallization age | N54: Outcrop | P54: Karpinka Lake | Q54: -106.11472 | R54: 56.922222 | S54: 432113 | T54: 6309305 | U54: Annesley et al. 1997 | V54: Annesley et al. 1993
A55: 99-4.2-(9.2) | B55: A93-026a | C55: Monzogabbro | D55: U-Pb | E55: TIMS | F55: Zircon | G55: =IF('Working table'!$F38=$X$2,$Y$2,IF('Working table'!$F38=$X$3,$Y$3,IF('Working table'!$F38=$X$4,$Y$4,IF('Working table'!$F38=$X$5,$Y$5,$Y$6)))) -> Xtm | H55: 1828 | I55: 3 | J55: ±3 | K55: =H55 & " " & J55 -> 1828 ±3 | L55: =H55&" "&J55&" "&"("&G55&")" -> 1828 ±3 (Xtm) | M55: Crystallization age | N55: Outcrop | P55: Sandy Islands | Q55: -103.32972 | R55: 58.273611 | S55: 597963 | T55: 6460386 | U55: Annesley et al. 1997 | V55: Annesley et al. 1995
A56: 99-4.2-(9.2) | B56: A93-026a | C56: Monzogabbro | D56: U-Pb | E56: TIMS | F56: Titanite | G56: =IF('Working table'!$F39=$X$2,$Y$2,IF('Working table'!$F39=$X$3,$Y$3,IF('Working table'!$F39=$X$4,$Y$4,IF('Working table'!$F39=$X$5,$Y$5,$Y$6)))) -> Xtm | H56: 1795 | I56: +3/-3 | J56: ±3 | K56: =H56 & " " & J56 -> 1795 ±3 | L56: =H56&" "&J56&" "&"("&G56&")" -> 1795 ±3 (Xtm) | M56: Metamorphic age | N56: Outcrop | P56: Sandy Islands | Q56: -103.32972 | R56: 58.273611 | S56: 597963 | T56: 6460386 | U56: Annesley et al. 1997 | V56: Annesley et al. 1995
A57: 99-4.2-(9.1) | B57: A88-052 | C57: Mylonitic Tonalitic Gneiss | D57: U-Pb | E57: TIMS | F57: Zircon | G57: =IF('Working table'!$F8=$X$2,$Y$2,IF('Working table'!$F8=$X$3,$Y$3,IF('Working table'!$F8=$X$4,$Y$4,IF('Working table'!$F8=$X$5,$Y$5,$Y$6)))) -> Xtm | H57: 2733 | I57: +9/-8 | J57: ±9 | K57: =H57 & " " & J57 -> 2733 ±9 | L57: =H57&" "&J57&" "&"("&G57&")" -> 2733 ±9 (Xtm) | M57: Crystallization age | N57: Outcrop | P57: Karpinka Lake | Q57: 57.005833 | R57: 57.005833 | S57: 435888 | T57: 6318556 | U57: Annesley et al. 1992
A58: 99-4.2-(9.2) | B58: A230 | C58: Pegmatite | D58: U-Pb | E58: TIMS | F58: Monazite | G58: =IF('Working table'!$F2=$X$2,$Y$2,IF('Working table'!$F2=$X$3,$Y$3,IF('Working table'!$F2=$X$4,$Y$4,IF('Working table'!$F2=$X$5,$Y$5,$Y$6)))) -> Xtm | H58: 1766 | I58: 1 | J58: ±1 | K58: =H58 & " " & J58 -> 1766 ±1 | L58: =H58&" "&J58&" "&"("&G58&")" -> 1766 ±1 (Xtm) | M58: Metamorphic age | N58: Drill core | P58: Dawn Lake | Q58: 58.303611 | R58: 58.303611 | S58: 560734 | T58: 6462976 | U58: Annesley et al. 1997 | X58: Zircon | Y58: Zrn
A59: 99-4.2-(9.2) | B59: A230 | C59: Pegmatite | D59: U-Pb | E59: TIMS | F59: Xenotime | G59: =IF('Working table'!$F3=$X$2,$Y$2,IF('Working table'!$F3=$X$3,$Y$3,IF('Working table'!$F3=$X$4,$Y$4,IF('Working table'!$F3=$X$5,$Y$5,$Y$6)))) -> Xtm | H59: 1767 | I59: 2 | J59: ±2 | K59: =H59 & " " & J59 -> 1767 ±2 | L59: =H59&" "&J59&" "&"("&G59&")" -> 1767 ±2 (Xtm) | M59: Metamorphic age | N59: Drill core | P59: Dawn Lake | Q59: 58.303611 | R59: 58.303611 | S59: 560734 | T59: 6462976 | U59: Annesley et al. 1997 | X59: Monazite | Y59: Mnz
A60: 99-4.2-(9.1) | B60: A92-045 | C60: Pegmatite | D60: U-Pb | E60: TIMS | F60: Titanite | G60: =IF('Working table'!$F35=$X$2,$Y$2,IF('Working table'!$F35=$X$3,$Y$3,IF('Working table'!$F35=$X$4,$Y$4,IF('Working table'!$F35=$X$5,$Y$5,$Y$6)))) -> Xtm | H60: 1788 | I60: 4 | J60: ±4 | K60: =H60 & " " & J60 -> 1788 ±4 | L60: =H60&" "&J60&" "&"("&G60&")" -> 1788 ±4 (Xtm) | M60: Metamorphic age | N60: Outcrop | P60: Karpinka Lake | Q60: 57.019722 | R60: 57.019722 | S60: 437354 | T60: 6320071 | U60: Annesley et al. 1997
A61: 99-4.2-(9.1) | B61: A92-045 | C61: Pegmatite | D61: U-Pb | E61: TIMS | F61: Titanite | G61: =IF('Working table'!$F36=$X$2,$Y$2,IF('Working table'!$F36=$X$3,$Y$3,IF('Working table'!$F36=$X$4,$Y$4,IF('Working table'!$F36=$X$5,$Y$5,$Y$6)))) -> Xtm | H61: 1792 | I61: 4 | J61: ±4 | K61: =H61 & " " & J61 -> 1792 ±4 | L61: =H61&" "&J61&" "&"("&G61&")" -> 1792 ±4 (Xtm) | M61: Metamorphic age | N61: Outcrop | P61: Karpinka Lake | Q61: 57.019722 | R61: 57.019722 | S61: 437354 | T61: 6320071 | U61: Annesley et al. 1997
A62: 99-4.2-(9.2) | B62: A93-037b | C62: Pegmatite | D62: U-Pb | E62: TIMS | F62: Zircon | G62: =IF('Working table'!$F43=$X$2,$Y$2,IF('Working table'!$F43=$X$3,$Y$3,IF('Working table'!$F43=$X$4,$Y$4,IF('Working table'!$F43=$X$5,$Y$5,$Y$6)))) -> Xtm | H62: 1819 | I62: 6 | J62: ±6 | K62: =H62 & " " & J62 -> 1819 ±6 | L62: =H62&" "&J62&" "&"("&G62&")" -> 1819 ±6 (Xtm) | M62: Crystallization age | N62: Outcrop | P62: Greenway Island | Q62: 58.412778 | R62: 58.412778 | S62: 597570 | T62: 6475893 | U62: Annesley et al. 1997 | V62: Annesley and Madore, 1997
A63: 99-4.2-(9.1) | B63: CB95-065 | C63: Pegmatite | D63: U-Pb | E63: TIMS | F63: Zircon | G63: =IF('Working table'!$F50=$X$2,$Y$2,IF('Working table'!$F50=$X$3,$Y$3,IF('Working table'!$F50=$X$4,$Y$4,IF('Working table'!$F50=$X$5,$Y$5,$Y$6)))) -> Xtm | H63: 1811 | I63: 1 | J63: ±1 | K63: =H63 & " " & J63 -> 1811 ±1 | L63: =H63&" "&J63&" "&"("&G63&")" -> 1811 ±1 (Xtm) | M63: Crystallization age | N63: Drill core | O63: 523.1-523.6 | P63: Yalowega Lake | Q63: 57.841389 | R63: 57.841389 | S63: 505873 | T63: 6411077 | U63: Annesley et al. 1999
A64: 99-4.2-(9.1) | B64: CB95-065 | C64: Pegmatite | D64: U-Pb | E64: TIMS | F64: Monazite | G64: =IF('Working table'!$F51=$X$2,$Y$2,IF('Working table'!$F51=$X$3,$Y$3,IF('Working table'!$F51=$X$4,$Y$4,IF('Working table'!$F51=$X$5,$Y$5,$Y$6)))) -> Xtm | H64: 1805 | I64: 5 | J64: ±5 | K64: =H64 & " " & J64 -> 1805 ±5 | L64: =H64&" "&J64&" "&"("&G64&")" -> 1805 ±5 (Xtm) | M64: Metamorphic age | N64: Drill core | O64: 529.0-529.40 | P64: Yalowega Lake | Q64: 57.841389 | R64: 57.841389 | S64: 505873 | T64: 6411077 | U64: Annesley et al. 1999
A65: 99-4.2-(9.1) | B65: CLC2-92 | C65: Pegmatite | D65: U-Pb | E65: TIMS | F65: Zircon | G65: =IF('Working table'!$F54=$X$2,$Y$2,IF('Working table'!$F54=$X$3,$Y$3,IF('Working table'!$F54=$X$4,$Y$4,IF('Working table'!$F54=$X$5,$Y$5,$Y$6)))) -> Xtm | H65: 1822 | I65: 5 | J65: ±5 | K65: =H65 & " " & J65 -> 1822 ±5 | L65: =H65&" "&J65&" "&"("&G65&")" -> 1822 ±5 (Xtm) | M65: Crystallization age | N65: Drill core | O65: 568.2-568.6 | P65: NE - Close Lake | Q65: 57.941667 | R65: 57.941667 | S65: 512466 | T65: 6422245 | U65: Annesley et al. 1999 | V65: Madore et al. 1999
A66: 99-4.2-(9.1) | B66: CLC2-92 | C66: Pegmatite | D66: U-Pb | E66: TIMS | F66: Zircon | G66: =IF('Working table'!$F55=$X$2,$Y$2,IF('Working table'!$F55=$X$3,$Y$3,IF('Working table'!$F55=$X$4,$Y$4,IF('Working table'!$F55=$X$5,$Y$5,$Y$6)))) -> Xtm | H66: 1182 | I66: 7 | J66: ±7 | K66: =H66 & " " & J66 -> 1182 ±7 | L66: =H66&" "&J66&" "&"("&G66&")" -> 1182 ±7 (Xtm) | M66: Metamorphic age | N66: Drill core | O66: 567.7-567.9 | P66: NE - Close Lake | Q66: 57.941667 | R66: 57.941667 | S66: 512466 | T66: 6422245 | U66: Annesley et al. 1999 | V66: Madore et al. 1999
A67: 99-4.2-(9.1) | B67: CLC2-92 | C67: Pegmatite | D67: U-Pb | E67: TIMS | F67: Monazite | G67: =IF('Working table'!$F56=$X$2,$Y$2,IF('Working table'!$F56=$X$3,$Y$3,IF('Working table'!$F56=$X$4,$Y$4,IF('Working table'!$F56=$X$5,$Y$5,$Y$6)))) -> Ttn | H67: 1795 | I67: 1 | J67: ±1 | K67: =H67 & " " & J67 -> 1795 ±1 | L67: =H67&" "&J67&" "&"("&G67&")" -> 1795 ±1 (Ttn) | M67: Metamorphic age | N67: Drill core | O67: 567.7-567.10 | P67: NE - Close Lake | Q67: 57.941667 | R67: 57.941667 | S67: 512466 | T67: 6422245 | U67: Annesley et al. 1999 | V67: Madore et al. 1999
A68: 99-4.2-(9.1) | B68: CLC2-92 | C68: Pegmatite | D68: U-Pb | E68: TIMS | F68: Monazite | G68: =IF('Working table'!$F57=$X$2,$Y$2,IF('Working table'!$F57=$X$3,$Y$3,IF('Working table'!$F57=$X$4,$Y$4,IF('Working table'!$F57=$X$5,$Y$5,$Y$6)))) -> Xtm | H68: 1806 | I68: 1 | J68: ±1 | K68: =H68 & " " & J68 -> 1806 ±1 | L68: =H68&" "&J68&" "&"("&G68&")" -> 1806 ±1 (Xtm) | M68: Metamorphic age | N68: Drill core | O68: 568.2-568.5 | P68: NE - Close Lake | Q68: 57.941667 | R68: 57.941667 | S68: 512466 | T68: 6422245 | U68: Annesley et al. 1999 | V68: Madore et al. 1999
A69: 99-4.2-(9.1) | B69: EL-09 | C69: Pegmatite | D69: U-Pb | E69: TIMS | F69: Zircon | G69: =IF('Working table'!$F62=$X$2,$Y$2,IF('Working table'!$F62=$X$3,$Y$3,IF('Working table'!$F62=$X$4,$Y$4,IF('Working table'!$F62=$X$5,$Y$5,$Y$6)))) -> Xtm | H69: 1819 | I69: 6 | J69: ±6 | K69: =H69 & " " & J69 -> 1819 ±6 | L69: =H69&" "&J69&" "&"("&G69&")" -> 1819 ±6 (Xtm) | M69: Crystallization age | N69: Drill core | O69: 839.8-840.4 | P69: Epp Lake | Q69: 57.870833 | R69: 57.870833 | S69: 489315 | T69: 6414369 | V69: Madore et al. 1999
A70: 99-4.2-(9.1) | B70: EL-09 | C70: Pegmatite | D70: U-Pb | E70: TIMS | F70: Zircon | G70: =IF('Working table'!$F63=$X$2,$Y$2,IF('Working table'!$F63=$X$3,$Y$3,IF('Working table'!$F63=$X$4,$Y$4,IF('Working table'!$F63=$X$5,$Y$5,$Y$6)))) -> Xtm | H70: 1224 | I70: 6 | J70: ±6 | K70: =H70 & " " & J70 -> 1224 ±6 | L70: =H70&" "&J70&" "&"("&G70&")" -> 1224 ±6 (Xtm) | M70: Metamorphic age | N70: Drill core | O70: 839.8-840.3 | P70: Epp Lake | Q70: 57.870833 | R70: 57.870833 | S70: 489315 | T70: 6414369 | U70: Annesley et al. 1999 | V70: Madore et al. 1999
A71: 99-4.2-(9.1) | B71: P-40 | C71: Pegmatite | D71: U-Pb | E71: TIMS | F71: Monazite | G71: =IF('Working table'!$F74=$X$2,$Y$2,IF('Working table'!$F74=$X$3,$Y$3,IF('Working table'!$F74=$X$4,$Y$4,IF('Working table'!$F74=$X$5,$Y$5,$Y$6)))) -> Xtm | H71: 1812 | I71: 2 | J71: ±2 | K71: =H71 & " " & J71 -> 1812 ±2 | L71: =H71&" "&J71&" "&"("&G71&")" -> 1812 ±2 (Xtm) | M71: Crystallization age | N71: Drill core | O71: 241.4-242.0 | P71: P-Patch | Q71: 57.206944 | R71: 57.206944 | S71: 465145 | T71: 6340577 | U71: Annesley et al. 1999 | V71: Annesley et al. 1999b
A72: 99-4.2-(9.2) | B72: S-498 | C72: Pegmatite | D72: U-Pb | E72: TIMS | F72: Monazite | G72: =IF('Working table'!$F78=$X$2,$Y$2,IF('Working table'!$F78=$X$3,$Y$3,IF('Working table'!$F78=$X$4,$Y$4,IF('Working table'!$F78=$X$5,$Y$5,$Y$6)))) -> Xtm | H72: 1810 | I72: 3 | J72: ±3 | K72: =H72 & " " & J72 -> 1810 ±3 | L72: =H72&" "&J72&" "&"("&G72&")" -> 1810 ±3 (Xtm) | M72: Crystallization age | N72: Drill core | P72: Sue 2 - McClean Lake | Q72: 58.271667 | R72: 58.271667 | S72: 569498 | T72: 6459575 | U72: Annesley et al. 1997 | V72: Annesley and Madore, 1997
B73: NN-5 | C73: Pegmatite | D73: U-Pb | E73: LA-ICP-MS | F73: Monazite | G73: =IF('Working table'!$F96=$X$2,$Y$2,IF('Working table'!$F96=$X$3,$Y$3,IF('Working table'!$F96=$X$4,$Y$4,IF('Working table'!$F96=$X$5,$Y$5,$Y$6)))) -> Xtm | H73: 1830 | I73: 5 | J73: ±5 | K73: =H73 & " " & J73 -> 1830 ±5 | L73: =H73&" "&J73&" "&"("&G73&")" -> 1830 ±5 (Xtm) | M73: Crystallization age | N73: Outcrop | P73: Kulyk | U73: McFarlane and McKeough, 2013
A74: 99-4.2-(9.2) | B74: A89-108 | C74: Pelitic Gneiss | D74: U-Pb | E74: TIMS | F74: Monazite | G74: =IF('Working table'!$F11=$X$2,$Y$2,IF('Working table'!$F11=$X$3,$Y$3,IF('Working table'!$F11=$X$4,$Y$4,IF('Working table'!$F11=$X$5,$Y$5,$Y$6)))) -> Xtm | H74: 1812 | I74: 2 | J74: ±2 | K74: =H74 & " " & J74 -> 1812 ±2 | L74: =H74&" "&J74&" "&"("&G74&")" -> 1812 ±2 (Xtm) | M74: Metamorphic age | N74: Outcrop | P74: Hidden Bay | Q74: 58.149722 | R74: 58.149722 | S74: 573147 | T74: 6446066 | U74: Annesley et al. 1992
A75: 99-4.2-(9.1) | B75: A91-014 | C75: Pelitic gneiss | D75: U-Pb | E75: TIMS | F75: Zircon | G75: =IF('Working table'!$F25=$X$2,$Y$2,IF('Working table'!$F25=$X$3,$Y$3,IF('Working table'!$F25=$X$4,$Y$4,IF('Working table'!$F25=$X$5,$Y$5,$Y$6)))) -> Xtm | H75: 2546-2792 | I75: NA | K75: =H75 & " " & J75 -> 2546-2792 | L75: =H75&" "&J75&" "&"("&G75&")" -> 2546-2792 (Xtm) | M75: Detrital age | N75: Outcrop | P75: Karpinka Lake | Q75: 56.939167 | R75: 56.939167 | S75: 431133 | T75: 6311188 | U75: Annesley et al. 1992 | W75: Va para la otra tabla
A76: 99-4.2-(9.1) | B76: A91-014 | C76: Pelitic gneiss | D76: U-Pb | E76: TIMS | F76: Monazite | G76: =IF('Working table'!$F26=$X$2,$Y$2,IF('Working table'!$F26=$X$3,$Y$3,IF('Working table'!$F26=$X$4,$Y$4,IF('Working table'!$F26=$X$5,$Y$5,$Y$6)))) -> Xtm | H76: 1814 | I76: 2 | J76: ±2 | K76: =H76 & " " & J76 -> 1814 ±2 | L76: =H76&" "&J76&" "&"("&G76&")" -> 1814 ±2 (Xtm) | M76: Metamorphic age | N76: Outcrop | P76: Karpinka Lake | Q76: 56.939167 | R76: 56.939167 | S76: 431133 | T76: 6311188 | U76: Annesley et al. 1992
C77: Pelitic Gneiss | F77: Zircon | G77: =IF('Working table'!$F99=$X$2,$Y$2,IF('Working table'!$F99=$X$3,$Y$3,IF('Working table'!$F99=$X$4,$Y$4,IF('Working table'!$F99=$X$5,$Y$5,$Y$6)))) -> Xtm | H77: 2745 | K77: =H77 & " " & J77 -> 2745 | L77: =H77&" "&J77&" "&"("&G77&")" -> 2745 (Xtm) | P77: Key Lake Road | U77: Annesley et al, 2002
A78: 99-4.2-(9.2) | B78: A89-100 | C78: Porphyritic Granite | D78: U-Pb | E78: TIMS | F78: Zircon | G78: =IF('Working table'!$F9=$X$2,$Y$2,IF('Working table'!$F9=$X$3,$Y$3,IF('Working table'!$F9=$X$4,$Y$4,IF('Working table'!$F9=$X$5,$Y$5,$Y$6)))) -> Xtm | H78: 1815 | I78: 2 | J78: ±2 | K78: =H78 & " " & J78 -> 1815 ±2 | L78: =H78&" "&J78&" "&"("&G78&")" -> 1815 ±2 (Xtm) | M78: Crystallization age | N78: Outcrop | P78: Hidden Bay | Q78: 58.176389 | R78: 58.176389 | S78: 574567 | T78: 6449063 | U78: Annesley et al. 1992
A79: 99-4.2-(9.2) | B79: A89-100 | C79: Porphyritic Granite | D79: U-Pb | E79: TIMS | F79: Titanite | G79: =IF('Working table'!$F10=$X$2,$Y$2,IF('Working table'!$F10=$X$3,$Y$3,IF('Working table'!$F10=$X$4,$Y$4,IF('Working table'!$F10=$X$5,$Y$5,$Y$6)))) -> Xtm | H79: 1788 | I79: 2 | J79: ±2 | K79: =H79 & " " & J79 -> 1788 ±2 | L79: =H79&" "&J79&" "&"("&G79&")" -> 1788 ±2 (Xtm) | M79: Metamorphic age | N79: Outcrop | P79: Hidden Bay | Q79: 58.176389 | R79: 58.176389 | S79: 574567 | T79: 6449063 | U79: Annesley et al. 1992
A80: 99-4.2-(9.2) | B80: A94-040a | C80: Porphyritic Granite | D80: U-Pb | E80: TIMS | F80: Zircon | G80: =IF('Working table'!$F45=$X$2,$Y$2,IF('Working table'!$F45=$X$3,$Y$3,IF('Working table'!$F45=$X$4,$Y$4,IF('Working table'!$F45=$X$5,$Y$5,$Y$6)))) -> Xtm | H80: 1812 | I80: 3 | J80: ±3 | K80: =H80 & " " & J80 -> 1812 ±3 | L80: =H80&" "&J80&" "&"("&G80&")" -> 1812 ±3 (Xtm) | M80: Crystallization age | N80: Outcrop | P80: Harrison Peninsula | Q80: 58.304167 | R80: 58.304167 | S80: 585691 | T80: 6463495 | U80: Annesley et al. 1997 | V80: Annesley et al. 1995
A81: 99-4.2-(9.1) | B81: ZM-08-02 | C81: Porphyritic granite | D81: U-Pb | E81: TIMS | F81: Zircon | G81: =IF('Working table'!$F91=$X$2,$Y$2,IF('Working table'!$F91=$X$3,$Y$3,IF('Working table'!$F91=$X$4,$Y$4,IF('Working table'!$F91=$X$5,$Y$5,$Y$6)))) -> Ttn | H81: 1824 | I81: 3 | J81: ±3 | K81: =H81 & " " & J81 -> 1824 ±3 | L81: =H81&" "&J81&" "&"("&G81&")" -> 1824 ±3 (Ttn) | M81: Crystallization age | N81: Drill core | O81: 437.8-438.1 or 440.8-441.2 | P81: Wheeler River | Q81: 57.508333 | R81: 57.508333 | S81: 481567 | T81: 6374041 | U81: Annesley et al. 1999
A82: 99-4.2-(9.2) | B82: A90-006 | C82: Quartz Dioritic Gneiss | D82: U-Pb | E82: TIMS | F82: Zircon | G82: =IF('Working table'!$F20=$X$2,$Y$2,IF('Working table'!$F20=$X$3,$Y$3,IF('Working table'!$F20=$X$4,$Y$4,IF('Working table'!$F20=$X$5,$Y$5,$Y$6)))) -> Xtm | H82: 2638 | I82: +65/-60 | J82: ±65 | K82: =H82 & " " & J82 -> 2638 ±65 | L82: =H82&" "&J82&" "&"("&G82&")" -> 2638 ±65 (Xtm) | M82: Crystallization age | N82: Outcrop | P82: Ashley Peninsula | Q82: 58.133889 | R82: 58.133889 | S82: 587482 | T82: 6444603 | U82: Annesley et al. 1992 | W82: ERROR MUY ALTO
A83: 99-4.2-(9.2) | B83: A90-006 | C83: Quartz Dioritic Gneiss | D83: U-Pb | E83: TIMS | F83: Titanite | G83: =IF('Working table'!$F21=$X$2,$Y$2,IF('Working table'!$F21=$X$3,$Y$3,IF('Working table'!$F21=$X$4,$Y$4,IF('Working table'!$F21=$X$5,$Y$5,$Y$6)))) -> Xtm | H83: 1779 | I83: 2 | J83: ±2 | K83: =H83 & " " & J83 -> 1779 ±2 | L83: =H83&" "&J83&" "&"("&G83&")" -> 1779 ±2 (Xtm) | M83: Metamorphic age | N83: Outcrop | P83: Ashley Peninsula | Q83: 58.133889 | R83: 58.133889 | S83: 587482 | T83: 6444603 | U83: Annesley et al. 1992 | V83: Annesley et al. 1991
A84: 99-4.2-(9.1) | B84: A92-056a | C84: Retrogessed Tonalitic Gneiss | D84: U-Pb | E84: TIMS | F84: Titanite | G84: =IF('Working table'!$F37=$X$2,$Y$2,IF('Working table'!$F37=$X$3,$Y$3,IF('Working table'!$F37=$X$4,$Y$4,IF('Working table'!$F37=$X$5,$Y$5,$Y$6)))) -> Xtm | H84: 1806 | I84: 3 | J84: ±3 | K84: =H84 & " " & J84 -> 1806 ±3 | L84: =H84&" "&J84&" "&"("&G84&")" -> 1806 ±3 (Xtm) | M84: Metamorphic age | N84: Outcrop | P84: Karpinka Lake | Q84: 56.928056 | R84: 56.928056 | S84: 431724 | T84: 6309940 | U84: Annesley et al. 1997
A85: 99-4.2-(9.1) | B85: A92-007b1 | C85: Silicified granitic Gneiss | D85: U-Pb | E85: TIMS | F85: Zircon | G85: =IF('Working table'!$F29=$X$2,$Y$2,IF('Working table'!$F29=$X$3,$Y$3,IF('Working table'!$F29=$X$4,$Y$4,IF('Working table'!$F29=$X$5,$Y$5,$Y$6)))) -> Xtm | H85: 2594 | I85: 10 | J85: ±10 | K85: =H85 & " " & J85 -> 2594 ±10 | L85: =H85&" "&J85&" "&"("&G85&")" -> 2594 ±10 (Xtm) | M85: Crystallization age | N85: Outcrop | P85: Karpinka Lake | Q85: 56.909722 | R85: 56.909722 | S85: 428830 | T85: 6307959 | U85: Annesley et al. 1997
A86: 99-4.2-(9.1) | B86: A92-007b1 | C86: Silicified granitic Gneiss | D86: U-Pb | E86: TIMS | F86: Monazite | G86: =IF('Working table'!$F30=$X$2,$Y$2,IF('Working table'!$F30=$X$3,$Y$3,IF('Working table'!$F30=$X$4,$Y$4,IF('Working table'!$F30=$X$5,$Y$5,$Y$6)))) -> Xtm | H86: 1806 | I86: 2 | J86: ±2 | K86: =H86 & " " & J86 -> 1806 ±2 | L86: =H86&" "&J86&" "&"("&G86&")" -> 1806 ±2 (Xtm) | M86: Metamorphic age | N86: Outcrop | P86: Karpinka Lake | Q86: 56.909722 | R86: 56.909722 | S86: 428830 | T86: 6307959 | U86: Annesley et al. 1997 | V86: Annesley et al. 1993
A87: 99-4.2-(9.1) | B87: A92-007b1 | C87: Silicified granitic Gneiss | D87: U-Pb | E87: TIMS | F87: Monazite | G87: =IF('Working table'!$F31=$X$2,$Y$2,IF('Working table'!$F31=$X$3,$Y$3,IF('Working table'!$F31=$X$4,$Y$4,IF('Working table'!$F31=$X$5,$Y$5,$Y$6)))) -> Xtm | H87: 1795 | I87: 2 | J87: ±2 | K87: =H87 & " " & J87 -> 1795 ±2 | L87: =H87&" "&J87&" "&"("&G87&")" -> 1795 ±2 (Xtm) | M87: Metamorphic age | N87: Outcrop | P87: Karpinka Lake | Q87: 56.909722 | R87: 56.909722 | S87: 428830 | T87: 6307959 | U87: Annesley et al. 1997 | V87: Annesley et al. 1993
A88: 99-4.2-(9.1) | B88: A92-007b1 | C88: Silicified granitic Gneiss | D88: U-Pb | E88: TIMS | F88: Monazite | G88: =IF('Working table'!$F32=$X$2,$Y$2,IF('Working table'!$F32=$X$3,$Y$3,IF('Working table'!$F32=$X$4,$Y$4,IF('Working table'!$F32=$X$5,$Y$5,$Y$6)))) -> Ttn | H88: 1797 | I88: 2 | J88: ±2 | K88: =H88 & " " & J88 -> 1797 ±2 | L88: =H88&" "&J88&" "&"("&G88&")" -> 1797 ±2 (Ttn) | M88: Metamorphic age | N88: Outcrop | P88: Karpinka Lake | Q88: 56.909722 | R88: 56.909722 | S88: 428830 | T88: 6307959 | U88: Annesley et al. 1997 | V88: Annesley et al. 1993
A89: 99-4.2-(9.1) | B89: A92-007b1 | C89: Silicified granitic Gneiss | D89: U-Pb | E89: TIMS | F89: Monazite | G89: =IF('Working table'!$F33=$X$2,$Y$2,IF('Working table'!$F33=$X$3,$Y$3,IF('Working table'!$F33=$X$4,$Y$4,IF('Working table'!$F33=$X$5,$Y$5,$Y$6)))) -> Ttn | H89: 1791 | I89: 2 | J89: ±2 | K89: =H89 & " " & J89 -> 1791 ±2 | L89: =H89&" "&J89&" "&"("&G89&")" -> 1791 ±2 (Ttn) | M89: Metamorphic age | N89: Outcrop | P89: Karpinka Lake | Q89: 56.909722 | R89: 56.909722 | S89: 428830 | T89: 6307959 | U89: Annesley et al. 1997 | V89: Annesley et al. 1993
A90: 99-4.2-(9.2) | B90: A90-005b | C90: Tonalitic Gneiss | D90: U-Pb | E90: TIMS | F90: Zircon | G90: =IF('Working table'!$F17=$X$2,$Y$2,IF('Working table'!$F17=$X$3,$Y$3,IF('Working table'!$F17=$X$4,$Y$4,IF('Working table'!$F17=$X$5,$Y$5,$Y$6)))) -> Xtm | H90: 2689 | I90: +19/-18 | J90: ±19 | K90: =H90 & " " & J90 -> 2689 ±19 | L90: =H90&" "&J90&" "&"("&G90&")" -> 2689 ±19 (Xtm) | M90: Crystallization age | N90: Outcrop | P90: Ashley Peninsula | Q90: 58.077778 | R90: 58.077778 | S90: 586788 | T90: 6438323 | U90: Annesley et al. 1992 | V90: Annesley et al. 1991
A91: 99-4.2-(9.2) | B91: A90-005b | C91: Tonalitic Gneiss | D91: U-Pb | E91: TIMS | F91: Titanite | G91: =IF('Working table'!$F18=$X$2,$Y$2,IF('Working table'!$F18=$X$3,$Y$3,IF('Working table'!$F18=$X$4,$Y$4,IF('Working table'!$F18=$X$5,$Y$5,$Y$6)))) -> Xtm | H91: 1778 | I91: 2 | J91: ±2 | K91: =H91 & " " & J91 -> 1778 ±2 | L91: =H91&" "&J91&" "&"("&G91&")" -> 1778 ±2 (Xtm) | M91: Metamorphic age | N91: Outcrop | P91: Ashley Peninsula | Q91: 58.077778 | R91: 58.077778 | S91: 586788 | T91: 6438323 | U91: Annesley et al. 1992 | V91: Annesley et al. 1991
A92: 99-4.2-(9.2) | B92: A90-005b | C92: Tonalitic Gneiss | D92: U-Pb | E92: TIMS | F92: Zircon | G92: =IF('Working table'!$F19=$X$2,$Y$2,IF('Working table'!$F19=$X$3,$Y$3,IF('Working table'!$F19=$X$4,$Y$4,IF('Working table'!$F19=$X$5,$Y$5,$Y$6)))) -> Xtm | H92: 2566 | I92: +23/-21 | J92: ±23 | K92: =H92 & " " & J92 -> 2566 ±23 | L92: =H92&" "&J92&" "&"("&G92&")" -> 2566 ±23 (Xtm) | M92: Metamorphic age | N92: Outcrop | P92: Ashley Peninsula | Q92: 58.077778 | R92: 58.077778 | S92: 586788 | T92: 6438323 | U92: Annesley et al. 1992 | V92: Annesley et al. 1991
B93: CLC1-123 | C93: Tonalitic Gneiss | D93: U-Pb | E93: ID-TIMS | F93: Zircon | G93: =IF('Working table'!$F52=$X$2,$Y$2,IF('Working table'!$F52=$X$3,$Y$3,IF('Working table'!$F52=$X$4,$Y$4,IF('Working table'!$F52=$X$5,$Y$5,$Y$6)))) -> Xtm | H93: 2714 | I93: 12 | J93: ±12 | K93: =H93 & " " & J93 -> 2714 ±12 | L93: =H93&" "&J93&" "&"("&G93&")" -> 2714 ±12 (Xtm) | M93: Crystallization age | N93: Drill core | O93: 653.4-653.9 | P93: Close Lake | U93: Annesley et al. 2003
B94: CLC1-123 | C94: Tonalitic Gneiss | D94: U-Pb | E94: ID-TIMS | F94: Monazite | G94: =IF('Working table'!$F53=$X$2,$Y$2,IF('Working table'!$F53=$X$3,$Y$3,IF('Working table'!$F53=$X$4,$Y$4,IF('Working table'!$F53=$X$5,$Y$5,$Y$6)))) -> Ttn | H94: 1805.5 | I94: 1.4 | J94: ±1.4 | K94: =H94 & " " & J94 -> 1805.5 ±1.4 | L94: =H94&" "&J94&" "&"("&G94&")" -> 1805.5 ±1.4 (Ttn) | M94: Metamorphic age | N94: Drill core | O94: 653.4-653.9 | P94: Close Lake | U94: Annesley et al. 2003
A95: 99-4.2-(9.2) | B95: PVS-9 | C95: Tonalitic Gneiss | D95: U-Pb | E95: TIMS | F95: Zircon | G95: =IF('Working table'!$F75=$X$2,$Y$2,IF('Working table'!$F75=$X$3,$Y$3,IF('Working table'!$F75=$X$4,$Y$4,IF('Working table'!$F75=$X$5,$Y$5,$Y$6)))) -> Xtm | H95: 2717 | I95: +12/-11 | J95: ±12 | K95: =H95 & " " & J95 -> 2717 ±12 | L95: =H95&" "&J95&" "&"("&G95&")" -> 2717 ±12 (Xtm) | M95: Crystallization age | N95: Drill core | P95: Sue 2 - Collins Bay | Q95: 58.256944 | R95: 58.256944 | S95: 570290 | T95: 6457950 | U95: Annesley et al. 1997
A96: 99-4.2-(9.2) | B96: PVS-9 | C96: Tonalitic Gneiss | D96: U-Pb | E96: TIMS | F96: Monazite | G96: =IF('Working table'!$F76=$X$2,$Y$2,IF('Working table'!$F76=$X$3,$Y$3,IF('Working table'!$F76=$X$4,$Y$4,IF('Working table'!$F76=$X$5,$Y$5,$Y$6)))) -> Xtm | H96: 1802 | I96: 2 | J96: ±2 | K96: =H96 & " " & J96 -> 1802 ±2 | L96: =H96&" "&J96&" "&"("&G96&")" -> 1802 ±2 (Xtm) | M96: Metamorphic age | N96: Drill core | P96: Sue 2 - Collins Bay | Q96: 58.256944 | R96: 58.256944 | S96: 570290 | T96: 6457950 | U96: Annesley et al. 1997
A97: 99-4.2-(9.2) | B97: S-566 | C97: Tonalitic Gneiss | D97: U-Pb | E97: TIMS | F97: Zircon | G97: =IF('Working table'!$F79=$X$2,$Y$2,IF('Working table'!$F79=$X$3,$Y$3,IF('Working table'!$F79=$X$4,$Y$4,IF('Working table'!$F79=$X$5,$Y$5,$Y$6)))) -> Ttn | H97: 2706 | I97: 5 | J97: ±5 | K97: =H97 & " " & J97 -> 2706 ±5 | L97: =H97&" "&J97&" "&"("&G97&")" -> 2706 ±5 (Ttn) | M97: Crystallization age | N97: Drill core | P97: Sue 2 - Collins Bay | Q97: 58.2625 | R97: 58.2625 | S97: 570466 | T97: 6458556 | U97: Annesley et al. 1997 | V97: Annesley et al. 1996
A98: 99-4.2-(9.2) | B98: S-566 | C98: Tonalitic Gneiss | D98: U-Pb | E98: TIMS | F98: Monazite | G98: =IF('Working table'!$F80=$X$2,$Y$2,IF('Working table'!$F80=$X$3,$Y$3,IF('Working table'!$F80=$X$4,$Y$4,IF('Working table'!$F80=$X$5,$Y$5,$Y$6)))) -> Xtm | H98: 1804 | I98: 8 | J98: ±8 | K98: =H98 & " " & J98 -> 1804 ±8 | L98: =H98&" "&J98&" "&"("&G98&")" -> 1804 ±8 (Xtm) | M98: Metamorphic age | N98: Drill core | P98: Sue 2 - Collins Bay | Q98: 58.2625 | R98: 58.2625 | S98: 570466 | T98: 6458556 | U98: Annesley et al. 1997 | V98: Annesley et al. 1996
B99: JM-2 | C99: U vein | D99: U-Pb | E99: SIMS | F99: Uraninite | G99: =IF('Working table'!$F97=$X$2,$Y$2,IF('Working table'!$F97=$X$3,$Y$3,IF('Working table'!$F97=$X$4,$Y$4,IF('Working table'!$F97=$X$5,$Y$5,$Y$6)))) -> Xtm | H99: 1774 | I99: 9 | J99: ±9 | K99: =H99 & " " & J99 -> 1774 ±9 | L99: =H99&" "&J99&" "&"("&G99&")" -> 1774 ±9 (Xtm) | M99: Metamorphic age | P99: Hook Lake | U99: Mercadier et al., 2013
B100: JM-3 | C100: U vein | D100: U-Pb | E100: SIMS | F100: Uraninite | G100: =IF('Working table'!$F98=$X$2,$Y$2,IF('Working table'!$F98=$X$3,$Y$3,IF('Working table'!$F98=$X$4,$Y$4,IF('Working table'!$F98=$X$5,$Y$5,$Y$6)))) -> Xtm | H100: 1805 | I100: 11 | J100: ±11 | K100: =H100 & " " & J100 -> 1805 ±11 | L100: =H100&" "&J100&" "&"("&G100&")" -> 1805 ±11 (Xtm) | M100: Crystallization age | P100: Hook Lake | U100: Mercadier et al., 2013

Sheet Raw
A1: Map | B1: Sample | C1: Rock | D1: System | E1: Technique | F1: Mineral | G1: Age | H1: Analytical/Internal uncertainty (X) | I1: Interpretation | J1: Sample type | K1: Depth | L1: Area | M1: longitute | N1: Latitute2 | O1: UTM E | P1: UTM N | Q1: Column4 | R1: Column5
A2: 99-4.2-(9.2) | B2: A90-006 | C2: Quartz Dioritic Gneiss | D2: U-Pb | E2: TIMS | F2: Zircon | G2: 2638 | H2: +65/-60 | I2: Crystallization age | J2: Outcrop | L2: Ashley Peninsula | M2: 58.133889 | N2: 58.133889 | O2: 587482 | P2: 6444603 | Q2: Annesley et al. 1992
A3: 99-4.2-(9.2) | B3: A90-006 | C3: Quartz Dioritic Gneiss | D3: U-Pb | E3: TIMS | F3: Titanite | G3: 1779 | H3: 2 | I3: Metamorphic age | J3: Outcrop | L3: Ashley Peninsula | M3: 58.133889 | N3: 58.133889 | O3: 587482 | P3: 6444603 | Q3: Annesley et al. 1992 | R3: Annesley et al. 1991
A4: 99-4.2-(9.2) | B4: A90-005b | C4: Tonalitic Gneiss | D4: U-Pb | E4: TIMS | F4: Zircon | G4: 2689 | H4: +19/-18 | I4: Crystallization age | J4: Outcrop | L4: Ashley Peninsula | M4: 58.077778 | N4: 58.077778 | O4: 586788 | P4: 6438323 | Q4: Annesley et al. 1992 | R4: Annesley et al. 1991
A5: 99-4.2-(9.2) | B5: A90-005b | C5: Tonalitic Gneiss | D5: U-Pb | E5: TIMS | F5: Titanite | G5: 1778 | H5: 2 | I5: Metamorphic age | J5: Outcrop | L5: Ashley Peninsula | M5: 58.077778 | N5: 58.077778 | O5: 586788 | P5: 6438323 | Q5: Annesley et al. 1992 | R5: Annesley et al. 1991
A6: 99-4.2-(9.2) | B6: A90-005b | C6: Tonalitic Gneiss | D6: U-Pb | E6: TIMS | F6: Zircon | G6: 2566 | H6: +23/-21 | I6: Metamorphic age | J6: Outcrop | L6: Ashley Peninsula | M6: 58.077778 | N6: 58.077778 | O6: 586788 | P6: 6438323 | Q6: Annesley et al. 1992 | R6: Annesley et al. 1991
B7: CLC1-123 | C7: Tonalitic Gneiss | D7: U-Pb | E7: ID-TIMS | F7: Zircon | G7: 2714 | H7: 12 | I7: Crystallization age | J7: Drill core | K7: 653.4-653.9 | L7: Close Lake | Q7: Annesley et al. 2003
B8: CLC1-123 | C8: Tonalitic Gneiss | D8: U-Pb | E8: ID-TIMS | F8: Monazite | G8: 1805.5 | H8: 1.4 | I8: Thermal metamorphic | J8: Drill core | K8: 653.4-653.9 | L8: Close Lake | Q8: Annesley et al. 2003
A9: 99-4.2-(9.2) | B9: 230 | C9: Pegmatite | D9: U-Pb | E9: TIMS | F9: Zircon | G9: 1923 | H9: +8/-7 | I9: Crystallization age (upper intercept) | J9: Drill core | L9: Dawn Lake | M9: 58.303611 | N9: 58.303611 | O9: 560734 | P9: 6462976 | Q9: Annesley et al. 1997
A10: 99-4.2-(9.2) | B10: 230 | C10: Pegmatite | D10: U-Pb | E10: TIMS | F10: Zircon | G10: 1127 | H10: 5 | I10: lower intercept | J10: Drill core | L10: Dawn Lake | M10: 58.303611 | N10: 58.303611 | O10: 560734 | P10: 6462976 | Q10: Annesley et al. 1997
A11: 99-4.2-(9.2) | B11: 230 | C11: Pegmatite | D11: U-Pb | E11: TIMS | F11: Monazite | G11: 1766 | H11: 1 | I11: Metamorphic age | J11: Drill core | L11: Dawn Lake | M11: 58.303611 | N11: 58.303611 | O11: 560734 | P11: 6462976 | Q11: Annesley et al. 1997
A12: 99-4.2-(9.2) | B12: 230 | C12: Pegmatite | D12: U-Pb | E12: TIMS | F12: Xenotime | G12: 1767 | H12: 2 | I12: Metamorphic age | J12: Drill core | L12: Dawn Lake | M12: 58.303611 | N12: 58.303611 | O12: 560734 | P12: 6462976 | Q12: Annesley et al. 1997
A13: 99-4.2-(9.2) | B13: EPE-20A | C13: Foliated Grey Granite | D13: U-Pb | E13: TIMS | F13: Zircon | G13: 1850-1835 | I13: Intrusive age | J13: Drill core | L13: Eagle Point | M13: -103.59528 | N13: 58.295556 | O13: 582340 | P13: 6462485 | Q13: Annesley et al. 1997
A14: 99-4.2-(9.2) | B14: EPE-20A | C14: Foliated Grey Granite | D14: U-Pb | E14: TIMS | F14: Monazite | G14: 1803 | H14: 4 | I14: Metamorphic age | J14: Drill core | L14: Eagle Point | M14: -103.59528 | N14: 58.295556 | O14: 582340 | P14: 6462485 | Q14: Annesley et al. 1997
A15: 99-4.2-(9.2) | B15: EPE-21 | C15: Foliated Grey Granite | D15: U-Pb | E15: TIMS | F15: Monazite | G15: 1813 | H15: 2 | I15: Metamorphic age | J15: Drill core | L15: Eagle Point | M15: -103.59667 | N15: 58.294444 | O15: 582263 | P15: 6462356 | Q15: Annesley et al. 1997
A16: 99-4.2-(9.2) | B16: A94-051 | C16: Granitic Gneiss | D16: U-Pb | E16: TIMS | F16: Zircon | G16: 2626 | H16: +15/-13 | I16: Crystallization age (upper intercept) | J16: Outcrop | L16: East of Black Island | M16: -103.60528 | N16: 58.151111 | O16: 582082 | P16: 6446396 | Q16: Annesley et al. 1997
A17: 99-4.2-(9.2) | B17: A94-051 | C17: Granitic Gneiss | D17: U-Pb | E17: TIMS | F17: Zircon | G17: 1837 | H17: 34 | I17: Hudsonian metamorphism (lower intercept) | J17: Outcrop | L17: East of Black Island | M17: -103.60528 | N17: 58.151111 | O17: 582082 | P17: 6446396 | Q17: Annesley et al. 1997
A18: 99-4.2-(9.2) | B18: A94-025a | C18: Metasomatized Pegmatite | D18: U-Pb | E18: TIMS | F18: Zircon | G18: 1808 | H18: 4 | I18: Metamorphic age | J18: Outcrop | L18: East of Black Island | M18: -103.58528 | N18: 58.147778 | O18: 583268 | P18: 6446044 | Q18: Annesley et al. 1997 | R18: Annesley and Madore, 1997
A19: 99-4.2-(9.1) | B19: EL-09 | C19: Pegmatite | D19: U-Pb | E19: TIMS | F19: Zircon | G19: 1819 | H19: 6 | I19: Crystallization age | J19: Drill core | K19: 839.8-840.4 | L19: Epp Lake | M19: 57.870833 | N19: 57.870833 | O19: 489315 | P19: 6414369 | R19: Madore et al. 1999
A20: 99-4.2-(9.1) | B20: EL-09 | C20: Pegmatite | D20: U-Pb | E20: TIMS | F20: Zircon | G20: 1224 | H20: 6 | I20: Lower intercept recrystallization age | J20: Drill core | K20: 839.8-840.3 | L20: Epp Lake | M20: 57.870833 | N20: 57.870833 | O20: 489315 | P20: 6414369 | Q20: Annesley et al. 1999 | R20: Madore et al. 1999
A21: 99-4.2-(9.2) | B21: A93-036 | C21: Foliated Granite | D21: U-Pb | E21: TIMS | F21: Zircon | G21: 2726 | H21: 5 | I21: Crystallization age | J21: Outcrop | L21: Fife Island | M21: -103.3525 | N21: 58.42 | O21: 596240 | P21: 6476663 | Q21: Annesley et al. 1997
B22: WYL-09-50 | C22: Pegmatite | D22: U-Pb | E22: SIMS | F22: Uraninite | G22: 1730 | H22: 30 | I22: Upper intercept | K22: 233 | L22: Fraser Lake Zone B | Q22: Mercadier et al., 2013
B23: WYL-10-62 | C23: Granitic pegmatite | D23: U-Pb | E23: Chemical age | F23: Uraninite | G23: 1.8-1.85 Ga | I23: Crystallization | J23: Drill core | K23: 93.5 | L23: Fraser Lake Zone B -Group A | Q23: McKechnie et al., 2012
B24: WYL-09-46 | C24: Granitic pegmatite | D24: U-Pb | E24: Chemical age | F24: Monazite | G24: 2.05-2.25 Ga | I24: Inherited age | J24: Drill core | K24: 32.6 | L24: Fraser Lake Zone B -Group B | Q24: McKechnie et al., 2013
A25: 99-4.2-(9.2) | B25: A93-037a | C25: Foliated Grey Granite | D25: U-Pb | E25: TIMS | F25: Zircon | G25: 1840 | H25: +11/-9 | I25: Crystallization age | J25: Outcrop | L25: Greenway Island | M25: -103.33 | N25: 59.412778 | O25: 597570 | P25: 6475893 | Q25: Annesley et al. 1997
A26: 99-4.2-(9.2) | B26: A93-037a | C26: Foliated Grey Granite | D26: U-Pb | E26: TIMS | F26: Monazite | G26: 1790 | H26: 1 | I26: Metamorphic age | J26: Outcrop | L26: Greenway Island | M26: -103.33 | N26: 59.412778 | O26: 597570 | P26: 6475893 | Q26: Annesley et al. 1997 | R26: Annesley et al. 1994
A27: 99-4.2-(9.2) | B27: A93-037b | C27: Pegmatite | D27: U-Pb | E27: TIMS | F27: Zircon | G27: 1819 | H27: 6 | I27: Crystallization age | J27: Outcrop | L27: Greenway Island | M27: 58.412778 | N27: 58.412778 | O27: 597570 | P27: 6475893 | Q27: Annesley et al. 1997 | R27: Annesley and Madore, 1997
A28: 99-4.2-(9.2) | B28: A94-040a | C28: Porphyritic Granite | D28: U-Pb | E28: TIMS | F28: Zircon | G28: 1812 | H28: 3 | I28: Crystallization age | J28: Outcrop | L28: Harrison Peninsula | M28: 58.304167 | N28: 58.304167 | O28: 585691 | P28: 6463495 | Q28: Annesley et al. 1997 | R28: Annesley et al. 1995
A29: 99-4.2-(9.2) | B29: A90-011b | C29: Grey Granite (sheared) | D29: U-Pb | E29: TIMS | F29: Zircon | G29: 1719 | H29: 1 | I29: Metamorphic age | J29: Outcrop | L29: Hidden Bay | M29: -103.58528 | N29: 58.208333 | O29: 583112 | P29: 6452798 | Q29: Unpublished
A30: 99-4.2-(9.2) | B30: A90-011b | C30: Grey Granite (sheared) | D30: U-Pb | E30: TIMS | F30: Monazite | G30: 1782 | H30: 1 | I30: Metamorphic age | J30: Outcrop | L30: Hidden Bay | M30: -103.58528 | N30: 58.208333 | O30: 583112 | P30: 6452798 | Q30: Unpublished
A31: 99-4.2-(9.2) | B31: A90-012a | C31: Meta-gabbro | D31: U-Pb | E31: TIMS | F31: Zircon | G31: 1820 | H31: 5 | I31: Crystallization age | J31: Outcrop | L31: Hidden Bay | M31: -103.59722 | N31: 58.205556 | O31: 583144 | P31: 6452482 | Q31: Annesley et al. 1992
A32: 99-4.2-(9.2) | B32: A89-114 | C32: Meta-quartzite | D32: U-Pb | E32: TIMS | F32: Zircon | G32: 2686-2863 | H32: NA | I32: Detrital age | J32: Outcrop | L32: Hidden Bay | M32: -103.76 | N32: 58.144167 | O32: 572965 | P32: 6445460 | Q32: Annesley et al. 1992
A33: 99-4.2-(9.2) | B33: A89-114 | C33: Meta-quartzite | D33: U-Pb | E33: TIMS | F33: Monazite | G33: 1816 | H33: 2 | I33: Metamorphic age | J33: Outcrop | L33: Hidden Bay | M33: -103.76 | N33: 58.144167 | O33: 572965 | P33: 6445460 | Q33: Annesley et al. 1992
A34: 99-4.2-(9.2) | B34: A89-108 | C34: Pelitic Gneiss | D34: U-Pb | E34: TIMS | F34: Monazite | G34: 1812 | H34: 2 | I34: Metamorphic age | J34: Outcrop | L34: Hidden Bay | M34: 58.149722 | N34: 58.149722 | O34: 573147 | P34: 6446066 | Q34: Annesley et al. 1992
A35: 99-4.2-(9.2) | B35: A89-100 | C35: Porphyritic Granite | D35: U-Pb | E35: TIMS | F35: Zircon | G35: 1815 | H35: 2 | I35: Crystallization age | J35: Outcrop | L35: Hidden Bay | M35: 58.176389 | N35: 58.176389 | O35: 574567 | P35: 6449063 | Q35: Annesley et al. 1992
A36: 99-4.2-(9.2) | B36: A89-100 | C36: Porphyritic Granite | D36: U-Pb | E36: TIMS | F36: Titanite | G36: 1788 | H36: 2 | I36: Metamorphic age | J36: Outcrop | L36: Hidden Bay | M36: 58.176389 | N36: 58.176389 | O36: 574567 | P36: 6449063 | Q36: Annesley et al. 1992
C37: U vein | D37: U-Pb | E37: SIMS | F37: Uraninite | G37: 1774 | H37: 9 | I37: Upper intercept (grey zone) | L37: Hook Lake | Q37: Mercadier et al., 2013
C38: U vein | D38: U-Pb | E38: SIMS | F38: Uraninite | G38: 1805 | H38: 1 | I38: Upper intercept (white zone) | L38: Hook Lake | Q38: Mercadier et al., 2013
D39: U-Pb | E39: Chemical age | F39: Uraninite | G39: 1.7-1.9 | L39: Hook Lake (white zone), Fraser Lake WYL09-50-233, Nob Hill | Q39: Mercadier et al., 2013
D40: U-Pb | E40: Chemical age | F40: Uraninite | G40: 1.6-1.7 | L40: Hooke Lake (grey zone), Fraser Lake Trench 2, Moore Lakes | Q40: Mercadier et al., 2013
C41: Granite | D41: U-Pb | E41: TIMS | F41: Zircon | G41: 1814 | H41: +3/-2 | L41: Horton Island | Q41: Lithoprobe report
A42: 99-4.2-(9.2) | B42: Q6-72 | C42: Grey Granite | D42: U-Pb | E42: TIMS | F42: Zircon | G42: 1800-1700 | H42: NA | I42: Crystallization age | J42: Drill core | L42: Jeb | M42: -103.88611 | N42: 58.346389 | O42: 565196 | P42: 6467804 | Q42: Annesley et al. 1997
A43: 99-4.2-(9.2) | B43: Q6-74 | C43: Migmatitic Tonalitic Gneiss | D43: U-Pb | E43: TIMS | F43: Zircon | G43: 1814 | H43: +5/-4 | I43: Metamorphic age | J43: Drill core | L43: Jeb | M43: -103.91972 | O43: 563210 | P43: 6468721 | Q43: Annesley et al. 1997
A44: 99-4.2-(9.1) | B44: A88-042 | C44: Calc-silicate Gneiss | D44: U-Pb | E44: TIMS | F44: Titanite | G44: 1783 | H44: 4 | I44: Metamorphic age | J44: Outcrop | L44: Karpinka Lake | M44: -106.12139 | N44: 56.933056 | O44: 431695 | P44: 6308856 | Q44: Annesley et al. 1997
A45: 99-4.2-(9.1) | B45: A91-015 | C45: Calc-silicate Gneiss | D45: U-Pb | E45: TIMS | F45: Titanite | G45: 1796 | H45: 4 | I45: Metamorphic age | J45: Outcrop | L45: Karpinka Lake | M45: -106.13444 | N45: 56.933056 | O45: 430929 | P45: 6310520 | Q45: Annesley et al. 1997
A46: 99-4.2-(9.1) | B46: A88-036 | C46: Calc-silicate vein | D46: U-Pb | E46: TIMS | F46: Titanite | G46: 1789 | H46: 4 | I46: Metamorphic age | J46: Outcrop | L46: Karpinka Lake | M46: -106.15278 | N46: 56.831389 | O46: 429777 | P46: 6299228 | Q46: Annesley et al. 1992
A47: 99-4.2-(9.1) | B47: A92-002b | C47: Granodioritic Gneiss | D47: U-Pb | E47: TIMS | F47: Titanite | G47: 1792 | H47: 4 | I47: Metamorphic age | J47: Outcrop | L47: Karpinka Lake | M47: -106.13 | N47: 56.955833 | O47: 431247 | P47: 6313050 | Q47: Annesley et al. 1997
A48: 99-4.2-(9.1) | B48: A92-011c | C48: Metasomatized Orthogneiss | D48: U-Pb | E48: TIMS | F48: Titanite | G48: 1803 | H48: 4 | I48: Metamorphic age | J48: Outcrop | L48: Karpinka Lake | M48: -106.15917 | N48: 56.908056 | O48: 429384 | P48: 6307750 | Q48: Annesley et al. 1997
A49: 99-4.2-(9.1) | B49: A88-043 | C49: Monzogabbro | D49: U-Pb | E49: TIMS | F49: Titanite | G49: 1828 | H49: 3 | I49: Crystallization age | J49: Outcrop | L49: Karpinka Lake | M49: -106.11472 | N49: 56.922222 | O49: 432113 | P49: 6309305 | Q49: Annesley et al. 1997 | R49: Annesley et al. 1993
A50: 99-4.2-(9.1) | B50: A88-043 | C50: Monzogabbro | D50: U-Pb | E50: TIMS | F50: Zircon | G50: 1829 | H50: 1 | I50: Crystallization age | J50: Outcrop | L50: Karpinka Lake | M50: -106.11472 | N50: 56.922222 | O50: 432113 | P50: 6309305 | Q50: Annesley et al. 1997 | R50: Annesley et al. 1993
A51: 99-4.2-(9.1) | B51: A88-052 | C51: Mylonitic Tonalitic Gneiss | D51: U-Pb | E51: TIMS | F51: Zircon | G51: 2733 | H51: +9/-8 | I51: Crystallization age | J51: Outcrop | L51: Karpinka Lake | M51: 57.005833 | N51: 57.005833 | O51: 435888 | P51: 6318556 | Q51: Annesley et al. 1992
A52: 99-4.2-(9.1) | B52: A92-045 | C52: Pegmatite | D52: U-Pb | E52: TIMS | F52: Titanite | G52: 1788 | H52: 4 | I52: Metamorphic age | J52: Outcrop | L52: Karpinka Lake | M52: 57.019722 | N52: 57.019722 | O52: 437354 | P52: 6320071 | Q52: Annesley et al. 1997
A53: 99-4.2-(9.1) | B53: A92-045 | C53: Pegmatite | D53: U-Pb | E53: TIMS | F53: Titanite | G53: 1792 | H53: 4 | I53: Metamorphic age | J53: Outcrop | L53: Karpinka Lake | M53: 57.019722 | N53: 57.019722 | O53: 437354 | P53: 6320071 | Q53: Annesley et al. 1997
A54: 99-4.2-(9.1) | B54: A91-014 | C54: Pelitic gneiss | D54: U-Pb | E54: TIMS | F54: Zircon | G54: 2546-2792 | H54: NA | I54: Detrital age | J54: Outcrop | L54: Karpinka Lake | M54: 56.939167 | N54: 56.939167 | O54: 431133 | P54: 6311188 | Q54: Annesley et al. 1992
A55: 99-4.2-(9.1) | B55: A91-014 | C55: Pelitic gneiss | D55: U-Pb | E55: TIMS | F55: Monazite | G55: 1814 | H55: 2 | I55: Metamorphic age | J55: Outcrop | L55: Karpinka Lake | M55: 56.939167 | N55: 56.939167 | O55: 431133 | P55: 6311188 | Q55: Annesley et al. 1992
A56: 99-4.2-(9.1) | B56: A92-056a | C56: Retrogessed Tonalitic Gneiss | D56: U-Pb | E56: TIMS | F56: Titanite | G56: 1806 | H56: 3 | I56: Metamorphic age | J56: Outcrop | L56: Karpinka Lake | M56: 56.928056 | N56: 56.928056 | O56: 431724 | P56: 6309940 | Q56: Annesley et al. 1997
A57: 99-4.2-(9.1) | B57: A92-056a | C57: Retrogessed Tonalitic Gneiss | D57: U-Pb | E57: TIMS | F57: Zircon | G57: 2316 | H57: * | I57: Metamorphic age/Reset intrusive age | J57: Outcrop | L57: Karpinka Lake | M57: 56.928056 | N57: 56.928056 | O57: 431724 | P57: 6309940 | Q57: Annesley et al. 1997
A58: 99-4.2-(9.1) | B58: A92-007b1 | C58: Silicified granitic Gneiss | D58: U-Pb | E58: TIMS | F58: Zircon | G58: 2594 | H58: 10 | I58: Crystallization age | J58: Outcrop | L58: Karpinka Lake | M58: 56.909722 | N58: 56.909722 | O58: 428830 | P58: 6307959 | Q58: Annesley et al. 1997
A59: 99-4.2-(9.1) | B59: A92-007b1 | C59: Silicified granitic Gneiss | D59: U-Pb | E59: TIMS | F59: Monazite | G59: 1806 | H59: 2 | I59: Metamorphic age | J59: Outcrop | L59: Karpinka Lake | M59: 56.909722 | N59: 56.909722 | O59: 428830 | P59: 6307959 | Q59: Annesley et al. 1997 | R59: Annesley et al. 1993
A60: 99-4.2-(9.1) | B60: A92-007b1 | C60: Silicified granitic Gneiss | D60: U-Pb | E60: TIMS | F60: Monazite | G60: 1795 | H60: 2 | I60: Metamorphic age | J60: Outcrop | L60: Karpinka Lake | M60: 56.909722 | N60: 56.909722 | O60: 428830 | P60: 6307959 | Q60: Annesley et al. 1997 | R60: Annesley et al. 1993
A61: 99-4.2-(9.1) | B61: A92-007b1 | C61: Silicified granitic Gneiss | D61: U-Pb | E61: TIMS | F61: Monazite | G61: 1797 | H61: 2 | I61: Metamorphic age | J61: Outcrop | L61: Karpinka Lake | M61: 56.909722 | N61: 56.909722 | O61: 428830 | P61: 6307959 | Q61: Annesley et al. 1997 | R61: Annesley et al. 1993
A62: 99-4.2-(9.1) | B62: A92-007b1 | C62: Silicified granitic Gneiss | D62: U-Pb | E62: TIMS | F62: Monazite | G62: 1791 | H62: 2 | I62: Metamorphic age | J62: Outcrop | L62: Karpinka Lake | M62: 56.909722 | N62: 56.909722 | O62: 428830 | P62: 6307959 | Q62: Annesley et al. 1997 | R62: Annesley et al. 1993
C63: Pegmatite | D63: U-Pb | E63: LA-ICP-MS | F63: Monazite | G63: 1830 | H63: 5 | I63: Crystallization | J63: Outcrop | L63: Kulyk | Q63: Mcfarlane and McKeough, 2013
C64: Pegmatite | D64: U-Pb | E64: LA-ICP-MS | F64: Zircon | G64: 1.8-2.3 | I64: Inherited age/Isothermal decompression | J64: Outcrop | L64: Kulyk | Q64: Mcfarlane and McKeough, 2014
A65: 99-4.2-(9.1) | B65: MAC-65 | C65: Granitic Gneiss | D65: U-Pb | E65: TIMS | F65: Zircon | G65: 2592 | H65: +7/-5 | I65: Crystallization age | J65: Drill core | K65: 268.5-269.0 or 272.9-273.3 or 286.3-286.7 | L65: McArthur River | M65: -104.9825 | N65: 57.483889 | O65: 501020 | P65: 6371271 | Q65: Annesley et al. 1999 | R65: Annesley et al. 1998
B66: MAC-257 | C66: Granitic pegmatite | D66: U-Pb | E66: ID-TIMS | F66: Monazite | G66: 1814.6 | H66: 1.4 | I66: Crystallization | J66: Drill core | K66: 636.5-636.9 | L66: McArthur River | Q66: Annesley et al. 2007
B67: MAC-257 | C67: Granitic pegmatite | D67: U-Pb | E67: ID-TIMS | F67: Zircon | G67: 1811.5 | H67: 5 | I67: Upper intercept | J67: Drill core | K67: 636.5-636.9 | L67: McArthur River | Q67: Annesley et al. 2007
B68: MAC-257 | C68: Leucogranite | D68: U-Pb | E68: ID-TIMS | F68: Zircon | G68: 1819.4 | H68: +10/-7 | I68: Crystallization | J68: Drill core | K68: 628.4-629.0 | L68: McArthur River | Q68: Annesley et al. 2007
B69: MAC-257 | C69: Leucogranite | D69: U-Pb | E69: ID-TIMS | F69: Monazite | G69: 1816 | H69: 1 | I69: Crystallization | J69: Drill core | K69: 628.4-629.0 | L69: McArthur River | Q69: Annesley et al. 2007
A70: 99-4.2-(9.2) | B70: ST-1 | C70: Foliated leucotonalite (Trondhjemite) | D70: U-Pb | E70: TIMS | F70: Zircon | G70: >2600 | H70: NA | I70: Crystallization age | J70: Drill core | L70: McClean Lake-Collins Creek | M70: -103.90194 | N70: 58.225278 | O70: 564493 | P70: 6454320 | Q70: Annesley et al. 1997 | R70: Annesley et al. 1996
A71: 99-4.2-(9.2) | B71: ST-1 | C71: Foliated leucotonalite (Trondhjemite) | D71: U-Pb | E71: TIMS | F71: Titanite | G71: 1752 | H71: 2 | I71: Metamorphic age | J71: Drill core | L71: McClean Lake-Collins Creek | M71: -103.90194 | N71: 58.225278 | O71: 564493 | P71: 6454320 | Q71: Annesley et al. 1997 | R71: Annesley et al. 1996
B72: CX-28 | C72: Archean granitic gneiss | D72: U-Pb | E72: ID-TIMS | F72: Monazite | G72: 1791.3 | H72: +8/-7 | I72: Upper intercept | J72: Drill core | K72: 760.25-760.50 | L72: Millenium Deposit | Q72: Annesley et al. 2007
B73: CX-28 | C73: Archean granitic gneiss | D73: U-Pb | E73: ID-TIMS | F73: Zircon | G73: 2731 | H73: 25 | I73: Crystallization | J73: Drill core | K73: 760.25-760.50 | L73: Millenium Deposit | Q73: Annesley et al. 2007
B74: CX-30 | C74: Granitic pegmatite | D74: U-Pb | E74: ID-TIMS | F74: Zircon | G74: 1816 | H74: 7 | I74: Crystallization | J74: Drill core | K74: 713.0-713.6 | L74: Millenium Deposit | Q74: Annesley et al. 2007
B75: CX-30 | C75: Granitic pegmatite | D75: U-Pb | E75: ID-TIMS | F75: Monazite | G75: 1792.4 | H75: 1.2 | I75: Disturbance/recrystallization | J75: Drill core | K75: 713.0-713.6 | L75: Millenium Deposit | Q75: Annesley et al. 2007
A76: 99-4.2-(9.1) | B76: MT-18 | C76: Foliated Granite | D76: U-Pb | E76: TIMS | F76: Zircon | G76: 2593 | H76: 5 | I76: Crystallization age | J76: Drill core | K76: 356.0-365.4 or 364.2-364.7 | L76: Moore - Tomblin | M76: -105.05306 | N76: 57.47 | O76: 496791 | P76: 6369707 | Q76: Annesley et al. 1999
A77: 99-4.2-(9.1) | B77: MT-18 | C77: Foliated Granite | D77: U-Pb | E77: TIMS | F77: Monazite | G77: 1819 | H77: 2 | I77: Metamorphic age | J77: Drill core | K77: 356.0-365.4 or 364.2-364.6 | L77: Moore - Tomblin | M77: -105.05306 | N77: 57.47 | O77: 496791 | P77: 6369707 | Q77: Annesley et al. 1999
C78: Pegmatite | D78: U-Pb | E78: SIMS | F78: Uraninite | G78: 1756 | H78: 8 | L78: Moore Lakes | Q78: Mercadier et al., 2013
A79: 99-4.2-(9.1) | B79: CLC2-92 | C79: Pegmatite | D79: U-Pb | E79: TIMS | F79: Zircon | G79: 1822 | H79: 5 | I79: Crystallization age | J79: Drill core | K79: 568.2-568.6 | L79: NE - Close Lake | M79: 57.941667 | N79: 57.941667 | O79: 512466 | P79: 6422245 | Q79: Annesley et al. 1999 | R79: Madore et al. 1999
A80: 99-4.2-(9.1) | B80: CLC2-92 | C80: Pegmatite | D80: U-Pb | E80: TIMS | F80: Zircon | G80: 1182 | H80: 7 | I80: Lower intercept recrystallization age | J80: Drill core | K80: 567.7-567.9 | L80: NE - Close Lake | M80: 57.941667 | N80: 57.941667 | O80: 512466 | P80: 6422245 | Q80: Annesley et al. 1999 | R80: Madore et al. 1999
A81: 99-4.2-(9.1) | B81: CLC2-92 | C81: Pegmatite | D81: U-Pb | E81: TIMS | F81: Monazite | G81: 1795 | H81: 1 | I81: Metamorphic age | J81: Drill core | K81: 567.7-567.10 | L81: NE - Close Lake | M81: 57.941667 | N81: 57.941667 | O81: 512466 | P81: 6422245 | Q81: Annesley et al. 1999 | R81: Madore et al. 1999
A82: 99-4.2-(9.1) | B82: CLC2-92 | C82: Pegmatite | D82: U-Pb | E82: TIMS | F82: Monazite | G82: 1806 | H82: 1 | I82: Metamorphic age | J82: Drill core | K82: 568.2-568.5 | L82: NE - Close Lake | M82: 57.941667 | N82: 57.941667 | O82: 512466 | P82: 6422245 | Q82: Annesley et al. 1999 | R82: Madore et al. 1999
A83: 99-4.2-(9.2) | B83: A93-055 | C83: Mylonitic Orthogneiss | D83: U-Pb | E83: TIMS | F83: Zircon | G83: >2518 | H83: +20/-18 | I83: Crystallization age (upper intercept) | J83: Outcrop | L83: North Island | Q83: Annesley et al. 1997
A84: 99-4.2-(9.2) | B84: A93-055 | C84: Mylonitic Orthogneiss | D84: U-Pb | E84: TIMS | F84: Zircon | G84: 1877 | H84: 23 | I84: Metamorphic age (lower intercept) | J84: Outcrop | L84: North Island | Q84: Annesley et al. 1997
A85: 99-4.2-(9.1) | B85: P-25 | C85: Grey Orthogneiss | D85: U-Pb | E85: TIMS | F85: Zircon | G85: 2786 | H85: 7 | I85: Crystallization age | J85: Drill core | K85: 97.0-97.3 or 101.7-102.5 | L85: P-Patch | M85: -105.57694 | N85: 57.220278 | O85: 465124 | P85: 6342069 | Q85: Annesley et al. 1999 | R85: Annesley et al. 1999b
A86: 99-4.2-(9.1) | B86: P-25 | C86: Grey Orthogneiss | D86: U-Pb | E86: TIMS | F86: Zircon | G86: 1813 | H86: 6 | I86: Metamorphic age | J86: Drill core | K86: 97.0-97.3 or 101.7-102.3 | L86: P-Patch | M86: -105.57694 | N86: 57.220278 | O86: 465124 | P86: 6342069 | Q86: Annesley et al. 1999 | R86: Annesley et al. 1999b
A87: 99-4.2-(9.1) | B87: P-25 | C87: Grey Orthogneiss | D87: U-Pb | E87: TIMS | F87: Monazite | G87: 1814 | H87: 1 | I87: Metamorphic age | J87: Drill core | K87: 97.0-97.3 or 101.7-102.4 | L87: P-Patch | M87: -105.57694 | N87: 57.220278 | O87: 465124 | P87: 6342069 | Q87: Annesley et al. 1999 | R87: Annesley et al. 1999b
A88: 99-4.2-(9.1) | B88: P-40 | C88: Pegmatite | D88: U-Pb | E88: TIMS | F88: Monazite | G88: 1812 | H88: 2 | I88: Crystallization age | J88: Drill core | K88: 241.4-242.0 | L88: P-Patch | M88: 57.206944 | N88: 57.206944 | O88: 465145 | P88: 6340577 | Q88: Annesley et al. 1999 | R88: Annesley et al. 1999b
C89: Foliated meta-tonalite | D89: U-Pb | E89: ID-TIMS | F89: Zircon | G89: 2612 | H89: 22 | I89: Crystallization (Upper intercept) | J89: Drill core | L89: Russel Lake | Q89: Annesley et al. 2007
C90: Foliated meta-tonalite | D90: U-Pb | E90: ID-TIMS | F90: Monazite | G90: 1803 | H90: 1 | I90: Metamorphism/recrystallization | J90: Drill core | L90: Russel Lake | Q90: Annesley et al. 2007
C91: Granitic gneiss | D91: U-Pb | E91: ID-TIMS | F91: Zircon | G91: 2583 | H91: 14 | I91: Crystallization | J91: Drill core | L91: Russel Lake | Q91: Annesley et al. 2007
C92: Granitic gneiss | D92: U-Pb | E92: ID-TIMS | F92: Monazite | G92: 1821.9 | H92: 2 | I92: Metamorphic overprint | J92: Drill core | L92: Russel Lake | Q92: Annesley et al. 2007
A93: 99-4.2-(9.2) | B93: A93-026a | C93: Monzogabbro | D93: U-Pb | E93: TIMS | F93: Zircon | G93: 1828 | H93: 3 | I93: Crystallization age | J93: Outcrop | L93: Sandy Islands | M93: -103.32972 | N93: 58.273611 | O93: 597963 | P93: 6460386 | Q93: Annesley et al. 1997 | R93: Annesley et al. 1995
A94: 99-4.2-(9.2) | B94: A93-026a | C94: Monzogabbro | D94: U-Pb | E94: TIMS | F94: Titanite | G94: 1795 | H94: 3(5) | I94: Metamorphic age | J94: Outcrop | L94: Sandy Islands | M94: -103.32972 | N94: 58.273611 | O94: 597963 | P94: 6460386 | Q94: Annesley et al. 1997 | R94: Annesley et al. 1995
A95: 99-4.2-(9.2) | B95: A89-116 | C95: Granodioritic Gneiss | D95: U-Pb | E95: TIMS | F95: Zircon | G95: 2620 | H95: +10/-9 | I95: Crystallization age | J95: Outcrop | L95: SE Rabbit Lake | M95: -103.75694 | N95: 58.146667 | O95: 573125 | P95: 6445480 | Q95: Annesley et al. 1992
A96: 99-4.2-(9.2) | B96: A89-116 | C96: Granodioritic Gneiss | D96: U-Pb | E96: TIMS | F96: Zircon | G96: 1798 | H96: 14 | I96: Lower intercept | J96: Outcrop | L96: SE Rabbit Lake | M96: -103.75694 | N96: 58.146667 | O96: 573125 | P96: 6445480 | Q96: Annesley et al. 1992
A97: 99-4.2-(9.2) | B97: A89-116 | C97: Granodioritic Gneiss | D97: U-Pb | E97: TIMS | F97: Titanite | G97: 1789 | H97: 2 | I97: Metamorphic age | J97: Outcrop | L97: SE Rabbit Lake | M97: -103.75694 | N97: 58.146667 | O97: 573125 | P97: 6445480 | Q97: Annesley et al. 1992 | R97: Annesley et al. 1991
A98: 99-4.2-(9.2) | B98: PVS-9 | C98: Tonalitic Gneiss | D98: U-Pb | E98: TIMS | F98: Zircon | G98: 2717 | H98: +12/-11 | I98: Crystallization age | J98: Drill core | L98: Sue 2 - Collins Bay | M98: 58.256944 | N98: 58.256944 | O98: 570290 | P98: 6457950 | Q98: Annesley et al. 1997
A99: 99-4.2-(9.2) | B99: PVS-9 | C99: Tonalitic Gneiss | D99: U-Pb | E99: TIMS | F99: Monazite | G99: 1802 | H99: 2 | I99: Metamorphic age | J99: Drill core | L99: Sue 2 - Collins Bay | M99: 58.256944 | N99: 58.256944 | O99: 570290 | P99: 6457950 | Q99: Annesley et al. 1997
A100: 99-4.2-(9.2) | B100: PVS-9 | C100: Tonalitic Gneiss | D100: U-Pb | E100: TIMS | F100: Zircon | G100: 1857 | H100: 31 | I100: Metamorphic age (lower intercept) | J100: Drill core | L100: Sue 2 - Collins Bay | M100: 58.256944 | N100: 58.256944 | O100: 570290 | P100: 6457950 | Q100: Annesley et al. 1997
...

Sheet Working table (2)
A1: Map | B1: Sample | C1: Rock | D1: System | E1: Technique | F1: Mineral | G1: Min_label | H1: Age | I1: Analytical/Internal uncertainty (X) | J1: Interpretation | K1: Sample type | L1: Depth | M1: Area | N1: longitute | O1: Latitute2 | P1: UTM E | Q1: UTM N | R1: Column4 | S1: Column5
A2: 99-4.2-(9.2) | B2: 230 | C2: Pegmatite | D2: U-Pb | E2: TIMS | F2: Zircon | G2: =IF(Tabela135[[#This Row],[Mineral]]=$U$4,$V$4,IF(Tabela135[[#This Row],[Mineral]]=$U$5,$V$5,IF(Tabela135[[#This Row],[Mineral]]=$U$6,$V$6,IF(Tabela135[[#This Row],[Mineral]]=$U$7,$V$7,$V$8)))) -> Zrn | H2: 1923 | I2: +8/-7 | J2: Crystallization age (upper intercept) | K2: Drill core | M2: Dawn Lake | N2: 58.303611 | O2: 58.303611 | P2: 560734 | Q2: 6462976 | R2: Annesley et al. 1997
A3: 99-4.2-(9.2) | B3: 230 | C3: Pegmatite | D3: U-Pb | E3: TIMS | F3: Zircon | G3: =IF(Tabela135[[#This Row],[Mineral]]=$U$4,$V$4,IF(Tabela135[[#This Row],[Mineral]]=$U$5,$V$5,IF(Tabela135[[#This Row],[Mineral]]=$U$6,$V$6,IF(Tabela135[[#This Row],[Mineral]]=$U$7,$V$7,$V$8)))) -> Zrn | H3: 1127 | I3: 5 | J3: lower intercept | K3: Drill core | M3: Dawn Lake | N3: 58.303611 | O3: 58.303611 | P3: 560734 | Q3: 6462976 | R3: Annesley et al. 1997 | U3: Mineral | V3: Abreviation
A4: 99-4.2-(9.2) | B4: 230 | C4: Pegmatite | D4: U-Pb | E4: TIMS | F4: Monazite | G4: =IF(Tabela135[[#This Row],[Mineral]]=$U$4,$V$4,IF(Tabela135[[#This Row],[Mineral]]=$U$5,$V$5,IF(Tabela135[[#This Row],[Mineral]]=$U$6,$V$6,IF(Tabela135[[#This Row],[Mineral]]=$U$7,$V$7,$V$8)))) -> Mnz | H4: 1766 | I4: 1 | J4: Metamorphic age | K4: Drill core | M4: Dawn Lake | N4: 58.303611 | O4: 58.303611 | P4: 560734 | Q4: 6462976 | R4: Annesley et al. 1997 | U4: Zircon | V4: Zrn
A5: 99-4.2-(9.2) | B5: 230 | C5: Pegmatite | D5: U-Pb | E5: TIMS | F5: Xenotime | G5: =IF(Tabela135[[#This Row],[Mineral]]=$U$4,$V$4,IF(Tabela135[[#This Row],[Mineral]]=$U$5,$V$5,IF(Tabela135[[#This Row],[Mineral]]=$U$6,$V$6,IF(Tabela135[[#This Row],[Mineral]]=$U$7,$V$7,$V$8)))) -> Xtm | H5: 1767 | I5: 2 | J5: Metamorphic age | K5: Drill core | M5: Dawn Lake | N5: 58.303611 | O5: 58.303611 | P5: 560734 | Q5: 6462976 | R5: Annesley et al. 1997 | U5: Monazite | V5: Mnz
A6: 99-4.2-(9.1) | B6: A88-036 | C6: Calc-silicate vein | D6: U-Pb | E6: TIMS | F6: Titanite | G6: =IF(Tabela135[[#This Row],[Mineral]]=$U$4,$V$4,IF(Tabela135[[#This Row],[Mineral]]=$U$5,$V$5,IF(Tabela135[[#This Row],[Mineral]]=$U$6,$V$6,IF(Tabela135[[#This Row],[Mineral]]=$U$7,$V$7,$V$8)))) -> Ttn | H6: 1789 | I6: 4 | J6: Metamorphic age | K6: Outcrop | M6: Karpinka Lake | N6: -106.15278 | O6: 56.831389 | P6: 429777 | Q6: 6299228 | R6: Annesley et al. 1992 | U6: Xenotime | V6: Xtm
A7: 99-4.2-(9.1) | B7: A88-042 | C7: Calc-silicate Gneiss | D7: U-Pb | E7: TIMS | F7: Titanite | G7: =IF(Tabela135[[#This Row],[Mineral]]=$U$4,$V$4,IF(Tabela135[[#This Row],[Mineral]]=$U$5,$V$5,IF(Tabela135[[#This Row],[Mineral]]=$U$6,$V$6,IF(Tabela135[[#This Row],[Mineral]]=$U$7,$V$7,$V$8)))) -> Ttn | H7: 1783 | I7: 4 | J7: Metamorphic age | K7: Outcrop | M7: Karpinka Lake | N7: -106.12139 | O7: 56.933056 | P7: 431695 | Q7: 6308856 | R7: Annesley et al. 1997 | U7: Titanite | V7: Ttn
A8: 99-4.2-(9.1) | B8: A88-043 | C8: Monzogabbro | D8: U-Pb | E8: TIMS | F8: Titanite | G8: =IF(Tabela135[[#This Row],[Mineral]]=$U$4,$V$4,IF(Tabela135[[#This Row],[Mineral]]=$U$5,$V$5,IF(Tabela135[[#This Row],[Mineral]]=$U$6,$V$6,IF(Tabela135[[#This Row],[Mineral]]=$U$7,$V$7,$V$8)))) -> Ttn | H8: 1828 | I8: 3 | J8: Crystallization age | K8: Outcrop | M8: Karpinka Lake | N8: -106.11472 | O8: 56.922222 | P8: 432113 | Q8: 6309305 | R8: Annesley et al. 1997 | S8: Annesley et al. 1993 | U8: Uraninite | V8: Urn
A9: 99-4.2-(9.1) | B9: A88-043 | C9: Monzogabbro | D9: U-Pb | E9: TIMS | F9: Zircon | G9: =IF(Tabela135[[#This Row],[Mineral]]=$U$4,$V$4,IF(Tabela135[[#This Row],[Mineral]]=$U$5,$V$5,IF(Tabela135[[#This Row],[Mineral]]=$U$6,$V$6,IF(Tabela135[[#This Row],[Mineral]]=$U$7,$V$7,$V$8)))) -> Zrn | H9: 1829 | I9: 1 | J9: Crystallization age | K9: Outcrop | M9: Karpinka Lake | N9: -106.11472 | O9: 56.922222 | P9: 432113 | Q9: 6309305 | R9: Annesley et al. 1997 | S9: Annesley et al. 1993
A10: 99-4.2-(9.1) | B10: A88-052 | C10: Mylonitic Tonalitic Gneiss | D10: U-Pb | E10: TIMS | F10: Zircon | G10: =IF(Tabela135[[#This Row],[Mineral]]=$U$4,$V$4,IF(Tabela135[[#This Row],[Mineral]]=$U$5,$V$5,IF(Tabela135[[#This Row],[Mineral]]=$U$6,$V$6,IF(Tabela135[[#This Row],[Mineral]]=$U$7,$V$7,$V$8)))) -> Zrn | H10: 2733 | I10: +9/-8 | J10: Crystallization age | K10: Outcrop | M10: Karpinka Lake | N10: 57.005833 | O10: 57.005833 | P10: 435888 | Q10: 6318556 | R10: Annesley et al. 1992
A11: 99-4.2-(9.2) | B11: A89-100 | C11: Porphyritic Granite | D11: U-Pb | E11: TIMS | F11: Zircon | G11: =IF(Tabela135[[#This Row],[Mineral]]=$U$4,$V$4,IF(Tabela135[[#This Row],[Mineral]]=$U$5,$V$5,IF(Tabela135[[#This Row],[Mineral]]=$U$6,$V$6,IF(Tabela135[[#This Row],[Mineral]]=$U$7,$V$7,$V$8)))) -> Zrn | H11: 1815 | I11: 2 | J11: Crystallization age | K11: Outcrop | M11: Hidden Bay | N11: 58.176389 | O11: 58.176389 | P11: 574567 | Q11: 6449063 | R11: Annesley et al. 1992
A12: 99-4.2-(9.2) | B12: A89-100 | C12: Porphyritic Granite | D12: U-Pb | E12: TIMS | F12: Titanite | G12: =IF(Tabela135[[#This Row],[Mineral]]=$U$4,$V$4,IF(Tabela135[[#This Row],[Mineral]]=$U$5,$V$5,IF(Tabela135[[#This Row],[Mineral]]=$U$6,$V$6,IF(Tabela135[[#This Row],[Mineral]]=$U$7,$V$7,$V$8)))) -> Ttn | H12: 1788 | I12: 2 | J12: Metamorphic age | K12: Outcrop | M12: Hidden Bay | N12: 58.176389 | O12: 58.176389 | P12: 574567 | Q12: 6449063 | R12: Annesley et al. 1992
A13: 99-4.2-(9.2) | B13: A89-108 | C13: Pelitic Gneiss | D13: U-Pb | E13: TIMS | F13: Monazite | G13: =IF(Tabela135[[#This Row],[Mineral]]=$U$4,$V$4,IF(Tabela135[[#This Row],[Mineral]]=$U$5,$V$5,IF(Tabela135[[#This Row],[Mineral]]=$U$6,$V$6,IF(Tabela135[[#This Row],[Mineral]]=$U$7,$V$7,$V$8)))) -> Mnz | H13: 1812 | I13: 2 | J13: Metamorphic age | K13: Outcrop | M13: Hidden Bay | N13: 58.149722 | O13: 58.149722 | P13: 573147 | Q13: 6446066 | R13: Annesley et al. 1992
A14: 99-4.2-(9.2) | B14: A89-114 | C14: Meta-quartzite | D14: U-Pb | E14: TIMS | F14: Zircon | G14: =IF(Tabela135[[#This Row],[Mineral]]=$U$4,$V$4,IF(Tabela135[[#This Row],[Mineral]]=$U$5,$V$5,IF(Tabela135[[#This Row],[Mineral]]=$U$6,$V$6,IF(Tabela135[[#This Row],[Mineral]]=$U$7,$V$7,$V$8)))) -> Zrn | H14: 2686-2863 | I14: NA | J14: Detrital age | K14: Outcrop | M14: Hidden Bay | N14: -103.76 | O14: 58.144167 | P14: 572965 | Q14: 6445460 | R14: Annesley et al. 1992
A15: 99-4.2-(9.2) | B15: A89-114 | C15: Meta-quartzite | D15: U-Pb | E15: TIMS | F15: Monazite | G15: =IF(Tabela135[[#This Row],[Mineral]]=$U$4,$V$4,IF(Tabela135[[#This Row],[Mineral]]=$U$5,$V$5,IF(Tabela135[[#This Row],[Mineral]]=$U$6,$V$6,IF(Tabela135[[#This Row],[Mineral]]=$U$7,$V$7,$V$8)))) -> Mnz | H15: 1816 | I15: 2 | J15: Metamorphic age | K15: Outcrop | M15: Hidden Bay | N15: -103.76 | O15: 58.144167 | P15: 572965 | Q15: 6445460 | R15: Annesley et al. 1992
A16: 99-4.2-(9.2) | B16: A89-116 | C16: Granodioritic Gneiss | D16: U-Pb | E16: TIMS | F16: Zircon | G16: =IF(Tabela135[[#This Row],[Mineral]]=$U$4,$V$4,IF(Tabela135[[#This Row],[Mineral]]=$U$5,$V$5,IF(Tabela135[[#This Row],[Mineral]]=$U$6,$V$6,IF(Tabela135[[#This Row],[Mineral]]=$U$7,$V$7,$V$8)))) -> Zrn | H16: 2620 | I16: +10/-9 | J16: Crystallization age | K16: Outcrop | M16: SE Rabbit Lake | N16: -103.75694 | O16: 58.146667 | P16: 573125 | Q16: 6445480 | R16: Annesley et al. 1992
A17: 99-4.2-(9.2) | B17: A89-116 | C17: Granodioritic Gneiss | D17: U-Pb | E17: TIMS | F17: Zircon | G17: =IF(Tabela135[[#This Row],[Mineral]]=$U$4,$V$4,IF(Tabela135[[#This Row],[Mineral]]=$U$5,$V$5,IF(Tabela135[[#This Row],[Mineral]]=$U$6,$V$6,IF(Tabela135[[#This Row],[Mineral]]=$U$7,$V$7,$V$8)))) -> Zrn | H17: 1798 | I17: 14 | J17: Lower intercept | K17: Outcrop | M17: SE Rabbit Lake | N17: -103.75694 | O17: 58.146667 | P17: 573125 | Q17: 6445480 | R17: Annesley et al. 1992
A18: 99-4.2-(9.2) | B18: A89-116 | C18: Granodioritic Gneiss | D18: U-Pb | E18: TIMS | F18: Titanite | G18: =IF(Tabela135[[#This Row],[Mineral]]=$U$4,$V$4,IF(Tabela135[[#This Row],[Mineral]]=$U$5,$V$5,IF(Tabela135[[#This Row],[Mineral]]=$U$6,$V$6,IF(Tabela135[[#This Row],[Mineral]]=$U$7,$V$7,$V$8)))) -> Ttn | H18: 1789 | I18: 2 | J18: Metamorphic age | K18: Outcrop | M18: SE Rabbit Lake | N18: -103.75694 | O18: 58.146667 | P18: 573125 | Q18: 6445480 | R18: Annesley et al. 1992 | S18: Annesley et al. 1991
A19: 99-4.2-(9.2) | B19: A90-005b | C19: Tonalitic Gneiss | D19: U-Pb | E19: TIMS | F19: Zircon | G19: =IF(Tabela135[[#This Row],[Mineral]]=$U$4,$V$4,IF(Tabela135[[#This Row],[Mineral]]=$U$5,$V$5,IF(Tabela135[[#This Row],[Mineral]]=$U$6,$V$6,IF(Tabela135[[#This Row],[Mineral]]=$U$7,$V$7,$V$8)))) -> Zrn | H19: 2689 | I19: +19/-18 | J19: Crystallization age | K19: Outcrop | M19: Ashley Peninsula | N19: 58.077778 | O19: 58.077778 | P19: 586788 | Q19: 6438323 | R19: Annesley et al. 1992 | S19: Annesley et al. 1991
A20: 99-4.2-(9.2) | B20: A90-005b | C20: Tonalitic Gneiss | D20: U-Pb | E20: TIMS | F20: Titanite | G20: =IF(Tabela135[[#This Row],[Mineral]]=$U$4,$V$4,IF(Tabela135[[#This Row],[Mineral]]=$U$5,$V$5,IF(Tabela135[[#This Row],[Mineral]]=$U$6,$V$6,IF(Tabela135[[#This Row],[Mineral]]=$U$7,$V$7,$V$8)))) -> Ttn | H20: 1778 | I20: 2 | J20: Metamorphic age | K20: Outcrop | M20: Ashley Peninsula | N20: 58.077778 | O20: 58.077778 | P20: 586788 | Q20: 6438323 | R20: Annesley et al. 1992 | S20: Annesley et al. 1991
A21: 99-4.2-(9.2) | B21: A90-005b | C21: Tonalitic Gneiss | D21: U-Pb | E21: TIMS | F21: Zircon | G21: =IF(Tabela135[[#This Row],[Mineral]]=$U$4,$V$4,IF(Tabela135[[#This Row],[Mineral]]=$U$5,$V$5,IF(Tabela135[[#This Row],[Mineral]]=$U$6,$V$6,IF(Tabela135[[#This Row],[Mineral]]=$U$7,$V$7,$V$8)))) -> Zrn | H21: 2566 | I21: +23/-21 | J21: Metamorphic age | K21: Outcrop | M21: Ashley Peninsula | N21: 58.077778 | O21: 58.077778 | P21: 586788 | Q21: 6438323 | R21: Annesley et al. 1992 | S21: Annesley et al. 1991
A22: 99-4.2-(9.2) | B22: A90-006 | C22: Quartz Dioritic Gneiss | D22: U-Pb | E22: TIMS | F22: Zircon | G22: =IF(Tabela135[[#This Row],[Mineral]]=$U$4,$V$4,IF(Tabela135[[#This Row],[Mineral]]=$U$5,$V$5,IF(Tabela135[[#This Row],[Mineral]]=$U$6,$V$6,IF(Tabela135[[#This Row],[Mineral]]=$U$7,$V$7,$V$8)))) -> Zrn | H22: 2638 | I22: +65/-60 | J22: Crystallization age | K22: Outcrop | M22: Ashley Peninsula | N22: 58.133889 | O22: 58.133889 | P22: 587482 | Q22: 6444603 | R22: Annesley et al. 1992
A23: 99-4.2-(9.2) | B23: A90-006 | C23: Quartz Dioritic Gneiss | D23: U-Pb | E23: TIMS | F23: Titanite | G23: =IF(Tabela135[[#This Row],[Mineral]]=$U$4,$V$4,IF(Tabela135[[#This Row],[Mineral]]=$U$5,$V$5,IF(Tabela135[[#This Row],[Mineral]]=$U$6,$V$6,IF(Tabela135[[#This Row],[Mineral]]=$U$7,$V$7,$V$8)))) -> Ttn | H23: 1779 | I23: 2 | J23: Metamorphic age | K23: Outcrop | M23: Ashley Peninsula | N23: 58.133889 | O23: 58.133889 | P23: 587482 | Q23: 6444603 | R23: Annesley et al. 1992 | S23: Annesley et al. 1991
A24: 99-4.2-(9.2) | B24: A90-011b | C24: Grey Granite (sheared) | D24: U-Pb | E24: TIMS | F24: Zircon | G24: =IF(Tabela135[[#This Row],[Mineral]]=$U$4,$V$4,IF(Tabela135[[#This Row],[Mineral]]=$U$5,$V$5,IF(Tabela135[[#This Row],[Mineral]]=$U$6,$V$6,IF(Tabela135[[#This Row],[Mineral]]=$U$7,$V$7,$V$8)))) -> Zrn | H24: 1719 | I24: 1 | J24: Metamorphic age | K24: Outcrop | M24: Hidden Bay | N24: -103.58528 | O24: 58.208333 | P24: 583112 | Q24: 6452798 | R24: Unpublished
A25: 99-4.2-(9.2) | B25: A90-011b | C25: Grey Granite (sheared) | D25: U-Pb | E25: TIMS | F25: Monazite | G25: =IF(Tabela135[[#This Row],[Mineral]]=$U$4,$V$4,IF(Tabela135[[#This Row],[Mineral]]=$U$5,$V$5,IF(Tabela135[[#This Row],[Mineral]]=$U$6,$V$6,IF(Tabela135[[#This Row],[Mineral]]=$U$7,$V$7,$V$8)))) -> Mnz | H25: 1782 | I25: 1 | J25: Metamorphic age | K25: Outcrop | M25: Hidden Bay | N25: -103.58528 | O25: 58.208333 | P25: 583112 | Q25: 6452798 | R25: Unpublished
A26: 99-4.2-(9.2) | B26: A90-012a | C26: Meta-gabbro | D26: U-Pb | E26: TIMS | F26: Zircon | G26: =IF(Tabela135[[#This Row],[Mineral]]=$U$4,$V$4,IF(Tabela135[[#This Row],[Mineral]]=$U$5,$V$5,IF(Tabela135[[#This Row],[Mineral]]=$U$6,$V$6,IF(Tabela135[[#This Row],[Mineral]]=$U$7,$V$7,$V$8)))) -> Zrn | H26: 1820 | I26: 5 | J26: Crystallization age | K26: Outcrop | M26: Hidden Bay | N26: -103.59722 | O26: 58.205556 | P26: 583144 | Q26: 6452482 | R26: Annesley et al. 1992
A27: 99-4.2-(9.1) | B27: A91-014 | C27: Pelitic gneiss | D27: U-Pb | E27: TIMS | F27: Zircon | G27: =IF(Tabela135[[#This Row],[Mineral]]=$U$4,$V$4,IF(Tabela135[[#This Row],[Mineral]]=$U$5,$V$5,IF(Tabela135[[#This Row],[Mineral]]=$U$6,$V$6,IF(Tabela135[[#This Row],[Mineral]]=$U$7,$V$7,$V$8)))) -> Zrn | H27: 2546-2792 | I27: NA | J27: Detrital age | K27: Outcrop | M27: Karpinka Lake | N27: 56.939167 | O27: 56.939167 | P27: 431133 | Q27: 6311188 | R27: Annesley et al. 1992
A28: 99-4.2-(9.1) | B28: A91-014 | C28: Pelitic gneiss | D28: U-Pb | E28: TIMS | F28: Monazite | G28: =IF(Tabela135[[#This Row],[Mineral]]=$U$4,$V$4,IF(Tabela135[[#This Row],[Mineral]]=$U$5,$V$5,IF(Tabela135[[#This Row],[Mineral]]=$U$6,$V$6,IF(Tabela135[[#This Row],[Mineral]]=$U$7,$V$7,$V$8)))) -> Mnz | H28: 1814 | I28: 2 | J28: Metamorphic age | K28: Outcrop | M28: Karpinka Lake | N28: 56.939167 | O28: 56.939167 | P28: 431133 | Q28: 6311188 | R28: Annesley et al. 1992
A29: 99-4.2-(9.1) | B29: A91-015 | C29: Calc-silicate Gneiss | D29: U-Pb | E29: TIMS | F29: Titanite | G29: =IF(Tabela135[[#This Row],[Mineral]]=$U$4,$V$4,IF(Tabela135[[#This Row],[Mineral]]=$U$5,$V$5,IF(Tabela135[[#This Row],[Mineral]]=$U$6,$V$6,IF(Tabela135[[#This Row],[Mineral]]=$U$7,$V$7,$V$8)))) -> Ttn | H29: 1796 | I29: 4 | J29: Metamorphic age | K29: Outcrop | M29: Karpinka Lake | N29: -106.13444 | O29: 56.933056 | P29: 430929 | Q29: 6310520 | R29: Annesley et al. 1997
A30: 99-4.2-(9.1) | B30: A92-002b | C30: Granodioritic Gneiss | D30: U-Pb | E30: TIMS | F30: Titanite | G30: =IF(Tabela135[[#This Row],[Mineral]]=$U$4,$V$4,IF(Tabela135[[#This Row],[Mineral]]=$U$5,$V$5,IF(Tabela135[[#This Row],[Mineral]]=$U$6,$V$6,IF(Tabela135[[#This Row],[Mineral]]=$U$7,$V$7,$V$8)))) -> Ttn | H30: 1792 | I30: 4 | J30: Metamorphic age | K30: Outcrop | M30: Karpinka Lake | N30: -106.13 | O30: 56.955833 | P30: 431247 | Q30: 6313050 | R30: Annesley et al. 1997
A31: 99-4.2-(9.1) | B31: A92-007b1 | C31: Silicified granitic Gneiss | D31: U-Pb | E31: TIMS | F31: Zircon | G31: =IF(Tabela135[[#This Row],[Mineral]]=$U$4,$V$4,IF(Tabela135[[#This Row],[Mineral]]=$U$5,$V$5,IF(Tabela135[[#This Row],[Mineral]]=$U$6,$V$6,IF(Tabela135[[#This Row],[Mineral]]=$U$7,$V$7,$V$8)))) -> Zrn | H31: 2594 | I31: 10 | J31: Crystallization age | K31: Outcrop | M31: Karpinka Lake | N31: 56.909722 | O31: 56.909722 | P31: 428830 | Q31: 6307959 | R31: Annesley et al. 1997
A32: 99-4.2-(9.1) | B32: A92-007b1 | C32: Silicified granitic Gneiss | D32: U-Pb | E32: TIMS | F32: Monazite | G32: =IF(Tabela135[[#This Row],[Mineral]]=$U$4,$V$4,IF(Tabela135[[#This Row],[Mineral]]=$U$5,$V$5,IF(Tabela135[[#This Row],[Mineral]]=$U$6,$V$6,IF(Tabela135[[#This Row],[Mineral]]=$U$7,$V$7,$V$8)))) -> Mnz | H32: 1806 | I32: 2 | J32: Metamorphic age | K32: Outcrop | M32: Karpinka Lake | N32: 56.909722 | O32: 56.909722 | P32: 428830 | Q32: 6307959 | R32: Annesley et al. 1997 | S32: Annesley et al. 1993
A33: 99-4.2-(9.1) | B33: A92-007b1 | C33: Silicified granitic Gneiss | D33: U-Pb | E33: TIMS | F33: Monazite | G33: =IF(Tabela135[[#This Row],[Mineral]]=$U$4,$V$4,IF(Tabela135[[#This Row],[Mineral]]=$U$5,$V$5,IF(Tabela135[[#This Row],[Mineral]]=$U$6,$V$6,IF(Tabela135[[#This Row],[Mineral]]=$U$7,$V$7,$V$8)))) -> Mnz | H33: 1795 | I33: 2 | J33: Metamorphic age | K33: Outcrop | M33: Karpinka Lake | N33: 56.909722 | O33: 56.909722 | P33: 428830 | Q33: 6307959 | R33: Annesley et al. 1997 | S33: Annesley et al. 1993
A34: 99-4.2-(9.1) | B34: A92-007b1 | C34: Silicified granitic Gneiss | D34: U-Pb | E34: TIMS | F34: Monazite | G34: =IF(Tabela135[[#This Row],[Mineral]]=$U$4,$V$4,IF(Tabela135[[#This Row],[Mineral]]=$U$5,$V$5,IF(Tabela135[[#This Row],[Mineral]]=$U$6,$V$6,IF(Tabela135[[#This Row],[Mineral]]=$U$7,$V$7,$V$8)))) -> Mnz | H34: 1797 | I34: 2 | J34: Metamorphic age | K34: Outcrop | M34: Karpinka Lake | N34: 56.909722 | O34: 56.909722 | P34: 428830 | Q34: 6307959 | R34: Annesley et al. 1997 | S34: Annesley et al. 1993
A35: 99-4.2-(9.1) | B35: A92-007b1 | C35: Silicified granitic Gneiss | D35: U-Pb | E35: TIMS | F35: Monazite | G35: =IF(Tabela135[[#This Row],[Mineral]]=$U$4,$V$4,IF(Tabela135[[#This Row],[Mineral]]=$U$5,$V$5,IF(Tabela135[[#This Row],[Mineral]]=$U$6,$V$6,IF(Tabela135[[#This Row],[Mineral]]=$U$7,$V$7,$V$8)))) -> Mnz | H35: 1791 | I35: 2 | J35: Metamorphic age | K35: Outcrop | M35: Karpinka Lake | N35: 56.909722 | O35: 56.909722 | P35: 428830 | Q35: 6307959 | R35: Annesley et al. 1997 | S35: Annesley et al. 1993
A36: 99-4.2-(9.1) | B36: A92-011c | C36: Metasomatized Orthogneiss | D36: U-Pb | E36: TIMS | F36: Titanite | G36: =IF(Tabela135[[#This Row],[Mineral]]=$U$4,$V$4,IF(Tabela135[[#This Row],[Mineral]]=$U$5,$V$5,IF(Tabela135[[#This Row],[Mineral]]=$U$6,$V$6,IF(Tabela135[[#This Row],[Mineral]]=$U$7,$V$7,$V$8)))) -> Ttn | H36: 1803 | I36: 4 | J36: Metamorphic age | K36: Outcrop | M36: Karpinka Lake | N36: -106.15917 | O36: 56.908056 | P36: 429384 | Q36: 6307750 | R36: Annesley et al. 1997
A37: 99-4.2-(9.1) | B37: A92-045 | C37: Pegmatite | D37: U-Pb | E37: TIMS | F37: Titanite | G37: =IF(Tabela135[[#This Row],[Mineral]]=$U$4,$V$4,IF(Tabela135[[#This Row],[Mineral]]=$U$5,$V$5,IF(Tabela135[[#This Row],[Mineral]]=$U$6,$V$6,IF(Tabela135[[#This Row],[Mineral]]=$U$7,$V$7,$V$8)))) -> Ttn | H37: 1788 | I37: 4 | J37: Metamorphic age | K37: Outcrop | M37: Karpinka Lake | N37: 57.019722 | O37: 57.019722 | P37: 437354 | Q37: 6320071 | R37: Annesley et al. 1997
A38: 99-4.2-(9.1) | B38: A92-045 | C38: Pegmatite | D38: U-Pb | E38: TIMS | F38: Titanite | G38: =IF(Tabela135[[#This Row],[Mineral]]=$U$4,$V$4,IF(Tabela135[[#This Row],[Mineral]]=$U$5,$V$5,IF(Tabela135[[#This Row],[Mineral]]=$U$6,$V$6,IF(Tabela135[[#This Row],[Mineral]]=$U$7,$V$7,$V$8)))) -> Ttn | H38: 1792 | I38: 4 | J38: Metamorphic age | K38: Outcrop | M38: Karpinka Lake | N38: 57.019722 | O38: 57.019722 | P38: 437354 | Q38: 6320071 | R38: Annesley et al. 1997
A39: 99-4.2-(9.1) | B39: A92-056a | C39: Retrogessed Tonalitic Gneiss | D39: U-Pb | E39: TIMS | F39: Titanite | G39: =IF(Tabela135[[#This Row],[Mineral]]=$U$4,$V$4,IF(Tabela135[[#This Row],[Mineral]]=$U$5,$V$5,IF(Tabela135[[#This Row],[Mineral]]=$U$6,$V$6,IF(Tabela135[[#This Row],[Mineral]]=$U$7,$V$7,$V$8)))) -> Ttn | H39: 1806 | I39: 3 | J39: Metamorphic age | K39: Outcrop | M39: Karpinka Lake | N39: 56.928056 | O39: 56.928056 | P39: 431724 | Q39: 6309940 | R39: Annesley et al. 1997
A40: 99-4.2-(9.1) | B40: A92-056a | C40: Retrogessed Tonalitic Gneiss | D40: U-Pb | E40: TIMS | F40: Zircon | G40: =IF(Tabela135[[#This Row],[Mineral]]=$U$4,$V$4,IF(Tabela135[[#This Row],[Mineral]]=$U$5,$V$5,IF(Tabela135[[#This Row],[Mineral]]=$U$6,$V$6,IF(Tabela135[[#This Row],[Mineral]]=$U$7,$V$7,$V$8)))) -> Zrn | H40: 2316 | I40: * | J40: Metamorphic age/Reset intrusive age | K40: Outcrop | M40: Karpinka Lake | N40: 56.928056 | O40: 56.928056 | P40: 431724 | Q40: 6309940 | R40: Annesley et al. 1997
A41: 99-4.2-(9.2) | B41: A93-026a | C41: Monzogabbro | D41: U-Pb | E41: TIMS | F41: Zircon | G41: =IF(Tabela135[[#This Row],[Mineral]]=$U$4,$V$4,IF(Tabela135[[#This Row],[Mineral]]=$U$5,$V$5,IF(Tabela135[[#This Row],[Mineral]]=$U$6,$V$6,IF(Tabela135[[#This Row],[Mineral]]=$U$7,$V$7,$V$8)))) -> Zrn | H41: 1828 | I41: 3 | J41: Crystallization age | K41: Outcrop | M41: Sandy Islands | N41: -103.32972 | O41: 58.273611 | P41: 597963 | Q41: 6460386 | R41: Annesley et al. 1997 | S41: Annesley et al. 1995
A42: 99-4.2-(9.2) | B42: A93-026a | C42: Monzogabbro | D42: U-Pb | E42: TIMS | F42: Titanite | G42: =IF(Tabela135[[#This Row],[Mineral]]=$U$4,$V$4,IF(Tabela135[[#This Row],[Mineral]]=$U$5,$V$5,IF(Tabela135[[#This Row],[Mineral]]=$U$6,$V$6,IF(Tabela135[[#This Row],[Mineral]]=$U$7,$V$7,$V$8)))) -> Ttn | H42: 1795 | I42: 3(5) | J42: Metamorphic age | K42: Outcrop | M42: Sandy Islands | N42: -103.32972 | O42: 58.273611 | P42: 597963 | Q42: 6460386 | R42: Annesley et al. 1997 | S42: Annesley et al. 1995
A43: 99-4.2-(9.2) | B43: A93-036 | C43: Foliated Granite | D43: U-Pb | E43: TIMS | F43: Zircon | G43: =IF(Tabela135[[#This Row],[Mineral]]=$U$4,$V$4,IF(Tabela135[[#This Row],[Mineral]]=$U$5,$V$5,IF(Tabela135[[#This Row],[Mineral]]=$U$6,$V$6,IF(Tabela135[[#This Row],[Mineral]]=$U$7,$V$7,$V$8)))) -> Zrn | H43: 2726 | I43: 5 | J43: Crystallization age | K43: Outcrop | M43: Fife Island | N43: -103.3525 | O43: 58.42 | P43: 596240 | Q43: 6476663 | R43: Annesley et al. 1997
A44: 99-4.2-(9.2) | B44: A93-037a | C44: Foliated Grey Granite | D44: U-Pb | E44: TIMS | F44: Zircon | G44: =IF(Tabela135[[#This Row],[Mineral]]=$U$4,$V$4,IF(Tabela135[[#This Row],[Mineral]]=$U$5,$V$5,IF(Tabela135[[#This Row],[Mineral]]=$U$6,$V$6,IF(Tabela135[[#This Row],[Mineral]]=$U$7,$V$7,$V$8)))) -> Zrn | H44: 1840 | I44: +11/-9 | J44: Crystallization age | K44: Outcrop | M44: Greenway Island | N44: -103.33 | O44: 59.412778 | P44: 597570 | Q44: 6475893 | R44: Annesley et al. 1997
A45: 99-4.2-(9.2) | B45: A93-037a | C45: Foliated Grey Granite | D45: U-Pb | E45: TIMS | F45: Monazite | G45: =IF(Tabela135[[#This Row],[Mineral]]=$U$4,$V$4,IF(Tabela135[[#This Row],[Mineral]]=$U$5,$V$5,IF(Tabela135[[#This Row],[Mineral]]=$U$6,$V$6,IF(Tabela135[[#This Row],[Mineral]]=$U$7,$V$7,$V$8)))) -> Mnz | H45: 1790 | I45: 1 | J45: Metamorphic age | K45: Outcrop | M45: Greenway Island | N45: -103.33 | O45: 59.412778 | P45: 597570 | Q45: 6475893 | R45: Annesley et al. 1997 | S45: Annesley et al. 1994
A46: 99-4.2-(9.2) | B46: A93-037b | C46: Pegmatite | D46: U-Pb | E46: TIMS | F46: Zircon | G46: =IF(Tabela135[[#This Row],[Mineral]]=$U$4,$V$4,IF(Tabela135[[#This Row],[Mineral]]=$U$5,$V$5,IF(Tabela135[[#This Row],[Mineral]]=$U$6,$V$6,IF(Tabela135[[#This Row],[Mineral]]=$U$7,$V$7,$V$8)))) -> Zrn | H46: 1819 | I46: 6 | J46: Crystallization age | K46: Outcrop | M46: Greenway Island | N46: 58.412778 | O46: 58.412778 | P46: 597570 | Q46: 6475893 | R46: Annesley et al. 1997 | S46: Annesley and Madore, 1997
A47: 99-4.2-(9.2) | B47: A93-055 | C47: Mylonitic Orthogneiss | D47: U-Pb | E47: TIMS | F47: Zircon | G47: =IF(Tabela135[[#This Row],[Mineral]]=$U$4,$V$4,IF(Tabela135[[#This Row],[Mineral]]=$U$5,$V$5,IF(Tabela135[[#This Row],[Mineral]]=$U$6,$V$6,IF(Tabela135[[#This Row],[Mineral]]=$U$7,$V$7,$V$8)))) -> Zrn | H47: >2518 | I47: +20/-18 | J47: Crystallization age (upper intercept) | K47: Outcrop | M47: North Island | R47: Annesley et al. 1997
A48: 99-4.2-(9.2) | B48: A93-055 | C48: Mylonitic Orthogneiss | D48: U-Pb | E48: TIMS | F48: Zircon | G48: =IF(Tabela135[[#This Row],[Mineral]]=$U$4,$V$4,IF(Tabela135[[#This Row],[Mineral]]=$U$5,$V$5,IF(Tabela135[[#This Row],[Mineral]]=$U$6,$V$6,IF(Tabela135[[#This Row],[Mineral]]=$U$7,$V$7,$V$8)))) -> Zrn | H48: 1877 | I48: 23 | J48: Metamorphic age (lower intercept) | K48: Outcrop | M48: North Island | R48: Annesley et al. 1997
A49: 99-4.2-(9.2) | B49: A94-025a | C49: Metasomatized Pegmatite | D49: U-Pb | E49: TIMS | F49: Zircon | G49: =IF(Tabela135[[#This Row],[Mineral]]=$U$4,$V$4,IF(Tabela135[[#This Row],[Mineral]]=$U$5,$V$5,IF(Tabela135[[#This Row],[Mineral]]=$U$6,$V$6,IF(Tabela135[[#This Row],[Mineral]]=$U$7,$V$7,$V$8)))) -> Zrn | H49: 1808 | I49: 4 | J49: Metamorphic age | K49: Outcrop | M49: East of Black Island | N49: -103.58528 | O49: 58.147778 | P49: 583268 | Q49: 6446044 | R49: Annesley et al. 1997 | S49: Annesley and Madore, 1997
A50: 99-4.2-(9.2) | B50: A94-040a | C50: Porphyritic Granite | D50: U-Pb | E50: TIMS | F50: Zircon | G50: =IF(Tabela135[[#This Row],[Mineral]]=$U$4,$V$4,IF(Tabela135[[#This Row],[Mineral]]=$U$5,$V$5,IF(Tabela135[[#This Row],[Mineral]]=$U$6,$V$6,IF(Tabela135[[#This Row],[Mineral]]=$U$7,$V$7,$V$8)))) -> Zrn | H50: 1812 | I50: 3 | J50: Crystallization age | K50: Outcrop | M50: Harrison Peninsula | N50: 58.304167 | O50: 58.304167 | P50: 585691 | Q50: 6463495 | R50: Annesley et al. 1997 | S50: Annesley et al. 1995
A51: 99-4.2-(9.2) | B51: A94-051 | C51: Granitic Gneiss | D51: U-Pb | E51: TIMS | F51: Zircon | G51: =IF(Tabela135[[#This Row],[Mineral]]=$U$4,$V$4,IF(Tabela135[[#This Row],[Mineral]]=$U$5,$V$5,IF(Tabela135[[#This Row],[Mineral]]=$U$6,$V$6,IF(Tabela135[[#This Row],[Mineral]]=$U$7,$V$7,$V$8)))) -> Zrn | H51: 2626 | I51: +15/-13 | J51: Crystallization age (upper intercept) | K51: Outcrop | M51: East of Black Island | N51: -103.60528 | O51: 58.151111 | P51: 582082 | Q51: 6446396 | R51: Annesley et al. 1997
A52: 99-4.2-(9.2) | B52: A94-051 | C52: Granitic Gneiss | D52: U-Pb | E52: TIMS | F52: Zircon | G52: =IF(Tabela135[[#This Row],[Mineral]]=$U$4,$V$4,IF(Tabela135[[#This Row],[Mineral]]=$U$5,$V$5,IF(Tabela135[[#This Row],[Mineral]]=$U$6,$V$6,IF(Tabela135[[#This Row],[Mineral]]=$U$7,$V$7,$V$8)))) -> Zrn | H52: 1837 | I52: 34 | J52: Hudsonian metamorphism (lower intercept) | K52: Outcrop | M52: East of Black Island | N52: -103.60528 | O52: 58.151111 | P52: 582082 | Q52: 6446396 | R52: Annesley et al. 1997
A53: 99-4.2-(9.1) | B53: CB94-043 | C53: Grey Tonalitic Gneiss | D53: U-Pb | E53: TIMS | F53: Zircon | G53: =IF(Tabela135[[#This Row],[Mineral]]=$U$4,$V$4,IF(Tabela135[[#This Row],[Mineral]]=$U$5,$V$5,IF(Tabela135[[#This Row],[Mineral]]=$U$6,$V$6,IF(Tabela135[[#This Row],[Mineral]]=$U$7,$V$7,$V$8)))) -> Zrn | H53: 1818 | I53: 1 | J53: Crystallization age | K53: Drill core | L53: 521.0-521.8 | M53: Yalowega Lake | N53: -104.85833 | O53: 57.854444 | P53: 508376 | Q53: 6412529 | R53: Annesley et al. 1999 | S53: Annesley et al. 1998
A54: 99-4.2-(9.1) | B54: CB94-043 | C54: Grey Tonalitic Gneiss | D54: U-Pb | E54: TIMS | F54: Monazite | G54: =IF(Tabela135[[#This Row],[Mineral]]=$U$4,$V$4,IF(Tabela135[[#This Row],[Mineral]]=$U$5,$V$5,IF(Tabela135[[#This Row],[Mineral]]=$U$6,$V$6,IF(Tabela135[[#This Row],[Mineral]]=$U$7,$V$7,$V$8)))) -> Mnz | H54: 1801 | I54: 1 | J54: Metamorphic age | K54: Drill core | L54: 521.0-521.7 | M54: Yalowega Lake | N54: -104.85833 | O54: 57.854444 | P54: 508376 | Q54: 6412529 | R54: Annesley et al. 1999 | S54: Annesley et al. 1998
A55: 99-4.2-(9.1) | B55: CB95-065 | C55: Pegmatite | D55: U-Pb | E55: TIMS | F55: Zircon | G55: =IF(Tabela135[[#This Row],[Mineral]]=$U$4,$V$4,IF(Tabela135[[#This Row],[Mineral]]=$U$5,$V$5,IF(Tabela135[[#This Row],[Mineral]]=$U$6,$V$6,IF(Tabela135[[#This Row],[Mineral]]=$U$7,$V$7,$V$8)))) -> Zrn | H55: 1811 | I55: 1 | J55: Crystallization age | K55: Drill core | L55: 523.1-523.6 | M55: Yalowega Lake | N55: 57.841389 | O55: 57.841389 | P55: 505873 | Q55: 6411077 | R55: Annesley et al. 1999
A56: 99-4.2-(9.1) | B56: CB95-065 | C56: Pegmatite | D56: U-Pb | E56: TIMS | F56: Monazite | G56: =IF(Tabela135[[#This Row],[Mineral]]=$U$4,$V$4,IF(Tabela135[[#This Row],[Mineral]]=$U$5,$V$5,IF(Tabela135[[#This Row],[Mineral]]=$U$6,$V$6,IF(Tabela135[[#This Row],[Mineral]]=$U$7,$V$7,$V$8)))) -> Mnz | H56: 1805 | I56: 5 | J56: Metamorphic age | K56: Drill core | L56: 529.0-529.40 | M56: Yalowega Lake | N56: 57.841389 | O56: 57.841389 | P56: 505873 | Q56: 6411077 | R56: Annesley et al. 1999
B57: CLC1-123 | C57: Tonalitic Gneiss | D57: U-Pb | E57: ID-TIMS | F57: Zircon | G57: =IF(Tabela135[[#This Row],[Mineral]]=$U$4,$V$4,IF(Tabela135[[#This Row],[Mineral]]=$U$5,$V$5,IF(Tabela135[[#This Row],[Mineral]]=$U$6,$V$6,IF(Tabela135[[#This Row],[Mineral]]=$U$7,$V$7,$V$8)))) -> Zrn | H57: 2714 | I57: 12 | J57: Crystallization age | K57: Drill core | L57: 653.4-653.9 | M57: Close Lake | R57: Annesley et al. 2003
B58: CLC1-123 | C58: Tonalitic Gneiss | D58: U-Pb | E58: ID-TIMS | F58: Monazite | G58: =IF(Tabela135[[#This Row],[Mineral]]=$U$4,$V$4,IF(Tabela135[[#This Row],[Mineral]]=$U$5,$V$5,IF(Tabela135[[#This Row],[Mineral]]=$U$6,$V$6,IF(Tabela135[[#This Row],[Mineral]]=$U$7,$V$7,$V$8)))) -> Mnz | H58: 1805.5 | I58: 1.4 | J58: Thermal metamorphic | K58: Drill core | L58: 653.4-653.9 | M58: Close Lake | R58: Annesley et al. 2003
A59: 99-4.2-(9.1) | B59: CLC2-92 | C59: Pegmatite | D59: U-Pb | E59: TIMS | F59: Zircon | G59: =IF(Tabela135[[#This Row],[Mineral]]=$U$4,$V$4,IF(Tabela135[[#This Row],[Mineral]]=$U$5,$V$5,IF(Tabela135[[#This Row],[Mineral]]=$U$6,$V$6,IF(Tabela135[[#This Row],[Mineral]]=$U$7,$V$7,$V$8)))) -> Zrn | H59: 1822 | I59: 5 | J59: Crystallization age | K59: Drill core | L59: 568.2-568.6 | M59: NE - Close Lake | N59: 57.941667 | O59: 57.941667 | P59: 512466 | Q59: 6422245 | R59: Annesley et al. 1999 | S59: Madore et al. 1999
A60: 99-4.2-(9.1) | B60: CLC2-92 | C60: Pegmatite | D60: U-Pb | E60: TIMS | F60: Zircon | G60: =IF(Tabela135[[#This Row],[Mineral]]=$U$4,$V$4,IF(Tabela135[[#This Row],[Mineral]]=$U$5,$V$5,IF(Tabela135[[#This Row],[Mineral]]=$U$6,$V$6,IF(Tabela135[[#This Row],[Mineral]]=$U$7,$V$7,$V$8)))) -> Zrn | H60: 1182 | I60: 7 | J60: Lower intercept recrystallization age | K60: Drill core | L60: 567.7-567.9 | M60: NE - Close Lake | N60: 57.941667 | O60: 57.941667 | P60: 512466 | Q60: 6422245 | R60: Annesley et al. 1999 | S60: Madore et al. 1999
A61: 99-4.2-(9.1) | B61: CLC2-92 | C61: Pegmatite | D61: U-Pb | E61: TIMS | F61: Monazite | G61: =IF(Tabela135[[#This Row],[Mineral]]=$U$4,$V$4,IF(Tabela135[[#This Row],[Mineral]]=$U$5,$V$5,IF(Tabela135[[#This Row],[Mineral]]=$U$6,$V$6,IF(Tabela135[[#This Row],[Mineral]]=$U$7,$V$7,$V$8)))) -> Mnz | H61: 1795 | I61: 1 | J61: Metamorphic age | K61: Drill core | L61: 567.7-567.10 | M61: NE - Close Lake | N61: 57.941667 | O61: 57.941667 | P61: 512466 | Q61: 6422245 | R61: Annesley et al. 1999 | S61: Madore et al. 1999
A62: 99-4.2-(9.1) | B62: CLC2-92 | C62: Pegmatite | D62: U-Pb | E62: TIMS | F62: Monazite | G62: =IF(Tabela135[[#This Row],[Mineral]]=$U$4,$V$4,IF(Tabela135[[#This Row],[Mineral]]=$U$5,$V$5,IF(Tabela135[[#This Row],[Mineral]]=$U$6,$V$6,IF(Tabela135[[#This Row],[Mineral]]=$U$7,$V$7,$V$8)))) -> Mnz | H62: 1806 | I62: 1 | J62: Metamorphic age | K62: Drill core | L62: 568.2-568.5 | M62: NE - Close Lake | N62: 57.941667 | O62: 57.941667 | P62: 512466 | Q62: 6422245 | R62: Annesley et al. 1999 | S62: Madore et al. 1999
B63: CX-28 | C63: Archean granitic gneiss | D63: U-Pb | E63: ID-TIMS | F63: Monazite | G63: =IF(Tabela135[[#This Row],[Mineral]]=$U$4,$V$4,IF(Tabela135[[#This Row],[Mineral]]=$U$5,$V$5,IF(Tabela135[[#This Row],[Mineral]]=$U$6,$V$6,IF(Tabela135[[#This Row],[Mineral]]=$U$7,$V$7,$V$8)))) -> Mnz | H63: 1791.3 | I63: +8/-7 | J63: Upper intercept | K63: Drill core | L63: 760.25-760.50 | M63: Millenium Deposit | R63: Annesley et al. 2007
B64: CX-28 | C64: Archean granitic gneiss | D64: U-Pb | E64: ID-TIMS | F64: Zircon | G64: =IF(Tabela135[[#This Row],[Mineral]]=$U$4,$V$4,IF(Tabela135[[#This Row],[Mineral]]=$U$5,$V$5,IF(Tabela135[[#This Row],[Mineral]]=$U$6,$V$6,IF(Tabela135[[#This Row],[Mineral]]=$U$7,$V$7,$V$8)))) -> Zrn | H64: 2731 | I64: 25 | J64: Crystallization | K64: Drill core | L64: 760.25-760.50 | M64: Millenium Deposit | R64: Annesley et al. 2007
B65: CX-30 | C65: Granitic pegmatite | D65: U-Pb | E65: ID-TIMS | F65: Zircon | G65: =IF(Tabela135[[#This Row],[Mineral]]=$U$4,$V$4,IF(Tabela135[[#This Row],[Mineral]]=$U$5,$V$5,IF(Tabela135[[#This Row],[Mineral]]=$U$6,$V$6,IF(Tabela135[[#This Row],[Mineral]]=$U$7,$V$7,$V$8)))) -> Zrn | H65: 1816 | I65: 7 | J65: Crystallization | K65: Drill core | L65: 713.0-713.6 | M65: Millenium Deposit | R65: Annesley et al. 2007
B66: CX-30 | C66: Granitic pegmatite | D66: U-Pb | E66: ID-TIMS | F66: Monazite | G66: =IF(Tabela135[[#This Row],[Mineral]]=$U$4,$V$4,IF(Tabela135[[#This Row],[Mineral]]=$U$5,$V$5,IF(Tabela135[[#This Row],[Mineral]]=$U$6,$V$6,IF(Tabela135[[#This Row],[Mineral]]=$U$7,$V$7,$V$8)))) -> Mnz | H66: 1792.4 | I66: 1.2 | J66: Disturbance/recrystallization | K66: Drill core | L66: 713.0-713.6 | M66: Millenium Deposit | R66: Annesley et al. 2007
A67: 99-4.2-(9.1) | B67: EL-09 | C67: Pegmatite | D67: U-Pb | E67: TIMS | F67: Zircon | G67: =IF(Tabela135[[#This Row],[Mineral]]=$U$4,$V$4,IF(Tabela135[[#This Row],[Mineral]]=$U$5,$V$5,IF(Tabela135[[#This Row],[Mineral]]=$U$6,$V$6,IF(Tabela135[[#This Row],[Mineral]]=$U$7,$V$7,$V$8)))) -> Zrn | H67: 1819 | I67: 6 | J67: Crystallization age | K67: Drill core | L67: 839.8-840.4 | M67: Epp Lake | N67: 57.870833 | O67: 57.870833 | P67: 489315 | Q67: 6414369 | S67: Madore et al. 1999
A68: 99-4.2-(9.1) | B68: EL-09 | C68: Pegmatite | D68: U-Pb | E68: TIMS | F68: Zircon | G68: =IF(Tabela135[[#This Row],[Mineral]]=$U$4,$V$4,IF(Tabela135[[#This Row],[Mineral]]=$U$5,$V$5,IF(Tabela135[[#This Row],[Mineral]]=$U$6,$V$6,IF(Tabela135[[#This Row],[Mineral]]=$U$7,$V$7,$V$8)))) -> Zrn | H68: 1224 | I68: 6 | J68: Lower intercept recrystallization age | K68: Drill core | L68: 839.8-840.3 | M68: Epp Lake | N68: 57.870833 | O68: 57.870833 | P68: 489315 | Q68: 6414369 | R68: Annesley et al. 1999 | S68: Madore et al. 1999
A69: 99-4.2-(9.2) | B69: EPE-20A | C69: Foliated Grey Granite | D69: U-Pb | E69: TIMS | F69: Zircon | G69: =IF(Tabela135[[#This Row],[Mineral]]=$U$4,$V$4,IF(Tabela135[[#This Row],[Mineral]]=$U$5,$V$5,IF(Tabela135[[#This Row],[Mineral]]=$U$6,$V$6,IF(Tabela135[[#This Row],[Mineral]]=$U$7,$V$7,$V$8)))) -> Zrn | H69: 1850-1835 | J69: Intrusive age | K69: Drill core | M69: Eagle Point | N69: -103.59528 | O69: 58.295556 | P69: 582340 | Q69: 6462485 | R69: Annesley et al. 1997
A70: 99-4.2-(9.2) | B70: EPE-20A | C70: Foliated Grey Granite | D70: U-Pb | E70: TIMS | F70: Monazite | G70: =IF(Tabela135[[#This Row],[Mineral]]=$U$4,$V$4,IF(Tabela135[[#This Row],[Mineral]]=$U$5,$V$5,IF(Tabela135[[#This Row],[Mineral]]=$U$6,$V$6,IF(Tabela135[[#This Row],[Mineral]]=$U$7,$V$7,$V$8)))) -> Mnz | H70: 1803 | I70: 4 | J70: Metamorphic age | K70: Drill core | M70: Eagle Point | N70: -103.59528 | O70: 58.295556 | P70: 582340 | Q70: 6462485 | R70: Annesley et al. 1997
A71: 99-4.2-(9.2) | B71: EPE-21 | C71: Foliated Grey Granite | D71: U-Pb | E71: TIMS | F71: Monazite | G71: =IF(Tabela135[[#This Row],[Mineral]]=$U$4,$V$4,IF(Tabela135[[#This Row],[Mineral]]=$U$5,$V$5,IF(Tabela135[[#This Row],[Mineral]]=$U$6,$V$6,IF(Tabela135[[#This Row],[Mineral]]=$U$7,$V$7,$V$8)))) -> Mnz | H71: 1813 | I71: 2 | J71: Metamorphic age | K71: Drill core | M71: Eagle Point | N71: -103.59667 | O71: 58.294444 | P71: 582263 | Q71: 6462356 | R71: Annesley et al. 1997
B72: JM-1 | C72: Pegmatite | D72: U-Pb | E72: SIMS | F72: Uraninite | G72: =IF(Tabela135[[#This Row],[Mineral]]=$U$4,$V$4,IF(Tabela135[[#This Row],[Mineral]]=$U$5,$V$5,IF(Tabela135[[#This Row],[Mineral]]=$U$6,$V$6,IF(Tabela135[[#This Row],[Mineral]]=$U$7,$V$7,$V$8)))) -> Urn | H72: 1756 | I72: 8 | M72: Moore Lakes | R72: Mercadier et al., 2013
B73: JM-2 | C73: U vein | D73: U-Pb | E73: SIMS | F73: Uraninite | G73: =IF(Tabela135[[#This Row],[Mineral]]=$U$4,$V$4,IF(Tabela135[[#This Row],[Mineral]]=$U$5,$V$5,IF(Tabela135[[#This Row],[Mineral]]=$U$6,$V$6,IF(Tabela135[[#This Row],[Mineral]]=$U$7,$V$7,$V$8)))) -> Urn | H73: 1774 | I73: 9 | J73: Upper intercept (grey zone) | M73: Hook Lake | R73: Mercadier et al., 2013
B74: JM-3 | C74: U vein | D74: U-Pb | E74: SIMS | F74: Uraninite | G74: =IF(Tabela135[[#This Row],[Mineral]]=$U$4,$V$4,IF(Tabela135[[#This Row],[Mineral]]=$U$5,$V$5,IF(Tabela135[[#This Row],[Mineral]]=$U$6,$V$6,IF(Tabela135[[#This Row],[Mineral]]=$U$7,$V$7,$V$8)))) -> Urn | H74: 1805 | I74: 1 | J74: Upper intercept (white zone) | M74: Hook Lake | R74: Mercadier et al., 2013
B75: JM-4 | D75: U-Pb | E75: Chemical age | F75: Uraninite | G75: =IF(Tabela135[[#This Row],[Mineral]]=$U$4,$V$4,IF(Tabela135[[#This Row],[Mineral]]=$U$5,$V$5,IF(Tabela135[[#This Row],[Mineral]]=$U$6,$V$6,IF(Tabela135[[#This Row],[Mineral]]=$U$7,$V$7,$V$8)))) -> Urn | H75: 1.6-1.7 | M75: Hooke Lake (grey zone), Fraser Lake Trench 2, Moore Lakes | R75: Mercadier et al., 2013
B76: JM-5 | D76: U-Pb | E76: Chemical age | F76: Uraninite | G76: =IF(Tabela135[[#This Row],[Mineral]]=$U$4,$V$4,IF(Tabela135[[#This Row],[Mineral]]=$U$5,$V$5,IF(Tabela135[[#This Row],[Mineral]]=$U$6,$V$6,IF(Tabela135[[#This Row],[Mineral]]=$U$7,$V$7,$V$8)))) -> Urn | H76: 1.7-1.9 | M76: Hook Lake (white zone), Fraser Lake WYL09-50-233, Nob Hill | R76: Mercadier et al., 2013
B77: MAC-257 | C77: Granitic pegmatite | D77: U-Pb | E77: ID-TIMS | F77: Monazite | G77: =IF(Tabela135[[#This Row],[Mineral]]=$U$4,$V$4,IF(Tabela135[[#This Row],[Mineral]]=$U$5,$V$5,IF(Tabela135[[#This Row],[Mineral]]=$U$6,$V$6,IF(Tabela135[[#This Row],[Mineral]]=$U$7,$V$7,$V$8)))) -> Mnz | H77: 1814.6 | I77: 1.4 | J77: Crystallization | K77: Drill core | L77: 636.5-636.9 | M77: McArthur River | R77: Annesley et al. 2007
B78: MAC-257 | C78: Granitic pegmatite | D78: U-Pb | E78: ID-TIMS | F78: Zircon | G78: =IF(Tabela135[[#This Row],[Mineral]]=$U$4,$V$4,IF(Tabela135[[#This Row],[Mineral]]=$U$5,$V$5,IF(Tabela135[[#This Row],[Mineral]]=$U$6,$V$6,IF(Tabela135[[#This Row],[Mineral]]=$U$7,$V$7,$V$8)))) -> Zrn | H78: 1811.5 | I78: 5 | J78: Upper intercept | K78: Drill core | L78: 636.5-636.9 | M78: McArthur River | R78: Annesley et al. 2007
B79: MAC-257-1 | C79: Leucogranite | D79: U-Pb | E79: ID-TIMS | F79: Zircon | G79: =IF(Tabela135[[#This Row],[Mineral]]=$U$4,$V$4,IF(Tabela135[[#This Row],[Mineral]]=$U$5,$V$5,IF(Tabela135[[#This Row],[Mineral]]=$U$6,$V$6,IF(Tabela135[[#This Row],[Mineral]]=$U$7,$V$7,$V$8)))) -> Zrn | H79: 1819.4 | I79: +10/-7 | J79: Crystallization | K79: Drill core | L79: 628.4-629.0 | M79: McArthur River | R79: Annesley et al. 2007
B80: MAC-257-1 | C80: Leucogranite | D80: U-Pb | E80: ID-TIMS | F80: Monazite | G80: =IF(Tabela135[[#This Row],[Mineral]]=$U$4,$V$4,IF(Tabela135[[#This Row],[Mineral]]=$U$5,$V$5,IF(Tabela135[[#This Row],[Mineral]]=$U$6,$V$6,IF(Tabela135[[#This Row],[Mineral]]=$U$7,$V$7,$V$8)))) -> Mnz | H80: 1816 | I80: 1 | J80: Crystallization | K80: Drill core | L80: 628.4-629.0 | M80: McArthur River | R80: Annesley et al. 2007
A81: 99-4.2-(9.1) | B81: MAC-65 | C81: Granitic Gneiss | D81: U-Pb | E81: TIMS | F81: Zircon | G81: =IF(Tabela135[[#This Row],[Mineral]]=$U$4,$V$4,IF(Tabela135[[#This Row],[Mineral]]=$U$5,$V$5,IF(Tabela135[[#This Row],[Mineral]]=$U$6,$V$6,IF(Tabela135[[#This Row],[Mineral]]=$U$7,$V$7,$V$8)))) -> Zrn | H81: 2592 | I81: +7/-5 | J81: Crystallization age | K81: Drill core | L81: 268.5-269.0 or 272.9-273.3 or 286.3-286.7 | M81: McArthur River | N81: -104.9825 | O81: 57.483889 | P81: 501020 | Q81: 6371271 | R81: Annesley et al. 1999 | S81: Annesley et al. 1998
A82: 99-4.2-(9.1) | B82: MT-18 | C82: Foliated Granite | D82: U-Pb | E82: TIMS | F82: Zircon | G82: =IF(Tabela135[[#This Row],[Mineral]]=$U$4,$V$4,IF(Tabela135[[#This Row],[Mineral]]=$U$5,$V$5,IF(Tabela135[[#This Row],[Mineral]]=$U$6,$V$6,IF(Tabela135[[#This Row],[Mineral]]=$U$7,$V$7,$V$8)))) -> Zrn | H82: 2593 | I82: 5 | J82: Crystallization age | K82: Drill core | L82: 356.0-365.4 or 364.2-364.7 | M82: Moore - Tomblin | N82: -105.05306 | O82: 57.47 | P82: 496791 | Q82: 6369707 | R82: Annesley et al. 1999
A83: 99-4.2-(9.1) | B83: MT-18 | C83: Foliated Granite | D83: U-Pb | E83: TIMS | F83: Monazite | G83: =IF(Tabela135[[#This Row],[Mineral]]=$U$4,$V$4,IF(Tabela135[[#This Row],[Mineral]]=$U$5,$V$5,IF(Tabela135[[#This Row],[Mineral]]=$U$6,$V$6,IF(Tabela135[[#This Row],[Mineral]]=$U$7,$V$7,$V$8)))) -> Mnz | H83: 1819 | I83: 2 | J83: Metamorphic age | K83: Drill core | L83: 356.0-365.4 or 364.2-364.6 | M83: Moore - Tomblin | N83: -105.05306 | O83: 57.47 | P83: 496791 | Q83: 6369707 | R83: Annesley et al. 1999
B84: NN-1 | C84: Allanite- and fluorite-bearing granite | D84: U-Pb | E84: TIMS | F84: Zircon | G84: =IF(Tabela135[[#This Row],[Mineral]]=$U$4,$V$4,IF(Tabela135[[#This Row],[Mineral]]=$U$5,$V$5,IF(Tabela135[[#This Row],[Mineral]]=$U$6,$V$6,IF(Tabela135[[#This Row],[Mineral]]=$U$7,$V$7,$V$8)))) -> Zrn | H84: 1816 | I84: 3 | R84: Annesley et al., 1991
B85: NN-2 | C85: Foliated meta-tonalite | D85: U-Pb | E85: ID-TIMS | F85: Zircon | G85: =IF(Tabela135[[#This Row],[Mineral]]=$U$4,$V$4,IF(Tabela135[[#This Row],[Mineral]]=$U$5,$V$5,IF(Tabela135[[#This Row],[Mineral]]=$U$6,$V$6,IF(Tabela135[[#This Row],[Mineral]]=$U$7,$V$7,$V$8)))) -> Zrn | H85: 2612 | I85: 22 | J85: Crystallization (Upper intercept) | K85: Drill core | M85: Russel Lake | R85: Annesley et al. 2007
B86: NN-2 | C86: Foliated meta-tonalite | D86: U-Pb | E86: ID-TIMS | F86: Monazite | G86: =IF(Tabela135[[#This Row],[Mineral]]=$U$4,$V$4,IF(Tabela135[[#This Row],[Mineral]]=$U$5,$V$5,IF(Tabela135[[#This Row],[Mineral]]=$U$6,$V$6,IF(Tabela135[[#This Row],[Mineral]]=$U$7,$V$7,$V$8)))) -> Mnz | H86: 1803 | I86: 1 | J86: Metamorphism/recrystallization | K86: Drill core | M86: Russel Lake | R86: Annesley et al. 2007
B87: NN-3 | C87: Granite | D87: U-Pb | E87: TIMS | F87: Zircon | G87: =IF(Tabela135[[#This Row],[Mineral]]=$U$4,$V$4,IF(Tabela135[[#This Row],[Mineral]]=$U$5,$V$5,IF(Tabela135[[#This Row],[Mineral]]=$U$6,$V$6,IF(Tabela135[[#This Row],[Mineral]]=$U$7,$V$7,$V$8)))) -> Zrn | H87: 1814 | I87: +3/-2 | M87: Horton Island | R87: Lithoprobe report
B88: NN-4 | C88: Granitic gneiss | D88: U-Pb | E88: ID-TIMS | F88: Zircon | G88: =IF(Tabela135[[#This Row],[Mineral]]=$U$4,$V$4,IF(Tabela135[[#This Row],[Mineral]]=$U$5,$V$5,IF(Tabela135[[#This Row],[Mineral]]=$U$6,$V$6,IF(Tabela135[[#This Row],[Mineral]]=$U$7,$V$7,$V$8)))) -> Zrn | H88: 2583 | I88: 14 | J88: Crystallization | K88: Drill core | M88: Russel Lake | R88: Annesley et al. 2007
B89: NN-4 | C89: Granitic gneiss | D89: U-Pb | E89: ID-TIMS | F89: Monazite | G89: =IF(Tabela135[[#This Row],[Mineral]]=$U$4,$V$4,IF(Tabela135[[#This Row],[Mineral]]=$U$5,$V$5,IF(Tabela135[[#This Row],[Mineral]]=$U$6,$V$6,IF(Tabela135[[#This Row],[Mineral]]=$U$7,$V$7,$V$8)))) -> Mnz | H89: 1821.9 | I89: 2 | J89: Metamorphic overprint | K89: Drill core | M89: Russel Lake | R89: Annesley et al. 2007
B90: NN-5 | C90: Pegmatite | D90: U-Pb | E90: LA-ICP-MS | F90: Monazite | G90: =IF(Tabela135[[#This Row],[Mineral]]=$U$4,$V$4,IF(Tabela135[[#This Row],[Mineral]]=$U$5,$V$5,IF(Tabela135[[#This Row],[Mineral]]=$U$6,$V$6,IF(Tabela135[[#This Row],[Mineral]]=$U$7,$V$7,$V$8)))) -> Mnz | H90: 1830 | I90: 5 | J90: Crystallization | K90: Outcrop | M90: Kulyk | R90: Mcfarlane and McKeough, 2013
B91: NN-5 | C91: Pegmatite | D91: U-Pb | E91: LA-ICP-MS | F91: Zircon | G91: =IF(Tabela135[[#This Row],[Mineral]]=$U$4,$V$4,IF(Tabela135[[#This Row],[Mineral]]=$U$5,$V$5,IF(Tabela135[[#This Row],[Mineral]]=$U$6,$V$6,IF(Tabela135[[#This Row],[Mineral]]=$U$7,$V$7,$V$8)))) -> Zrn | H91: 1.8-2.3 | J91: Inherited age/Isothermal decompression | K91: Outcrop | M91: Kulyk | R91: Mcfarlane and McKeough, 2014
A92: 99-4.2-(9.1) | B92: P-25 | C92: Grey Orthogneiss | D92: U-Pb | E92: TIMS | F92: Zircon | G92: =IF(Tabela135[[#This Row],[Mineral]]=$U$4,$V$4,IF(Tabela135[[#This Row],[Mineral]]=$U$5,$V$5,IF(Tabela135[[#This Row],[Mineral]]=$U$6,$V$6,IF(Tabela135[[#This Row],[Mineral]]=$U$7,$V$7,$V$8)))) -> Zrn | H92: 2786 | I92: 7 | J92: Crystallization age | K92: Drill core | L92: 97.0-97.3 or 101.7-102.5 | M92: P-Patch | N92: -105.57694 | O92: 57.220278 | P92: 465124 | Q92: 6342069 | R92: Annesley et al. 1999 | S92: Annesley et al. 1999b
A93: 99-4.2-(9.1) | B93: P-25 | C93: Grey Orthogneiss | D93: U-Pb | E93: TIMS | F93: Zircon | G93: =IF(Tabela135[[#This Row],[Mineral]]=$U$4,$V$4,IF(Tabela135[[#This Row],[Mineral]]=$U$5,$V$5,IF(Tabela135[[#This Row],[Mineral]]=$U$6,$V$6,IF(Tabela135[[#This Row],[Mineral]]=$U$7,$V$7,$V$8)))) -> Zrn | H93: 1813 | I93: 6 | J93: Metamorphic age | K93: Drill core | L93: 97.0-97.3 or 101.7-102.3 | M93: P-Patch | N93: -105.57694 | O93: 57.220278 | P93: 465124 | Q93: 6342069 | R93: Annesley et al. 1999 | S93: Annesley et al. 1999b
A94: 99-4.2-(9.1) | B94: P-25 | C94: Grey Orthogneiss | D94: U-Pb | E94: TIMS | F94: Monazite | G94: =IF(Tabela135[[#This Row],[Mineral]]=$U$4,$V$4,IF(Tabela135[[#This Row],[Mineral]]=$U$5,$V$5,IF(Tabela135[[#This Row],[Mineral]]=$U$6,$V$6,IF(Tabela135[[#This Row],[Mineral]]=$U$7,$V$7,$V$8)))) -> Mnz | H94: 1814 | I94: 1 | J94: Metamorphic age | K94: Drill core | L94: 97.0-97.3 or 101.7-102.4 | M94: P-Patch | N94: -105.57694 | O94: 57.220278 | P94: 465124 | Q94: 6342069 | R94: Annesley et al. 1999 | S94: Annesley et al. 1999b
A95: 99-4.2-(9.1) | B95: P-40 | C95: Pegmatite | D95: U-Pb | E95: TIMS | F95: Monazite | G95: =IF(Tabela135[[#This Row],[Mineral]]=$U$4,$V$4,IF(Tabela135[[#This Row],[Mineral]]=$U$5,$V$5,IF(Tabela135[[#This Row],[Mineral]]=$U$6,$V$6,IF(Tabela135[[#This Row],[Mineral]]=$U$7,$V$7,$V$8)))) -> Mnz | H95: 1812 | I95: 2 | J95: Crystallization age | K95: Drill core | L95: 241.4-242.0 | M95: P-Patch | N95: 57.206944 | O95: 57.206944 | P95: 465145 | Q95: 6340577 | R95: Annesley et al. 1999 | S95: Annesley et al. 1999b
A96: 99-4.2-(9.2) | B96: PVS-9 | C96: Tonalitic Gneiss | D96: U-Pb | E96: TIMS | F96: Zircon | G96: =IF(Tabela135[[#This Row],[Mineral]]=$U$4,$V$4,IF(Tabela135[[#This Row],[Mineral]]=$U$5,$V$5,IF(Tabela135[[#This Row],[Mineral]]=$U$6,$V$6,IF(Tabela135[[#This Row],[Mineral]]=$U$7,$V$7,$V$8)))) -> Zrn | H96: 2717 | I96: +12/-11 | J96: Crystallization age | K96: Drill core | M96: Sue 2 - Collins Bay | N96: 58.256944 | O96: 58.256944 | P96: 570290 | Q96: 6457950 | R96: Annesley et al. 1997
A97: 99-4.2-(9.2) | B97: PVS-9 | C97: Tonalitic Gneiss | D97: U-Pb | E97: TIMS | F97: Monazite | G97: =IF(Tabela135[[#This Row],[Mineral]]=$U$4,$V$4,IF(Tabela135[[#This Row],[Mineral]]=$U$5,$V$5,IF(Tabela135[[#This Row],[Mineral]]=$U$6,$V$6,IF(Tabela135[[#This Row],[Mineral]]=$U$7,$V$7,$V$8)))) -> Mnz | H97: 1802 | I97: 2 | J97: Metamorphic age | K97: Drill core | M97: Sue 2 - Collins Bay | N97: 58.256944 | O97: 58.256944 | P97: 570290 | Q97: 6457950 | R97: Annesley et al. 1997
A98: 99-4.2-(9.2) | B98: PVS-9 | C98: Tonalitic Gneiss | D98: U-Pb | E98: TIMS | F98: Zircon | G98: =IF(Tabela135[[#This Row],[Mineral]]=$U$4,$V$4,IF(Tabela135[[#This Row],[Mineral]]=$U$5,$V$5,IF(Tabela135[[#This Row],[Mineral]]=$U$6,$V$6,IF(Tabela135[[#This Row],[Mineral]]=$U$7,$V$7,$V$8)))) -> Zrn | H98: 1857 | I98: 31 | J98: Metamorphic age (lower intercept) | K98: Drill core | M98: Sue 2 - Collins Bay | N98: 58.256944 | O98: 58.256944 | P98: 570290 | Q98: 6457950 | R98: Annesley et al. 1997
A99: 99-4.2-(9.2) | B99: Q6-72 | C99: Grey Granite | D99: U-Pb | E99: TIMS | F99: Zircon | G99: =IF(Tabela135[[#This Row],[Mineral]]=$U$4,$V$4,IF(Tabela135[[#This Row],[Mineral]]=$U$5,$V$5,IF(Tabela135[[#This Row],[Mineral]]=$U$6,$V$6,IF(Tabela135[[#This Row],[Mineral]]=$U$7,$V$7,$V$8)))) -> Zrn | H99: 1800-1700 | I99: NA | J99: Crystallization age | K99: Drill core | M99: Jeb | N99: -103.88611 | O99: 58.346389 | P99: 565196 | Q99: 6467804 | R99: Annesley et al. 1997
A100: 99-4.2-(9.2) | B100: Q6-74 | C100: Migmatitic Tonalitic Gneiss | D100: U-Pb | E100: TIMS | F100: Zircon | G100: =IF(Tabela135[[#This Row],[Mineral]]=$U$4,$V$4,IF(Tabela135[[#This Row],[Mineral]]=$U$5,$V$5,IF(Tabela135[[#This Row],[Mineral]]=$U$6,$V$6,IF(Tabela135[[#This Row],[Mineral]]=$U$7,$V$7,$V$8)))) -> Zrn | H100: 1814 | I100: +5/-4 | J100: Metamorphic age | K100: Drill core | M100: Jeb | N100: -103.91972 | P100: 563210 | Q100: 6468721 | R100: Annesley et al. 1997
...
